Company/Store Name,Website
Digital Nomads HQ,https://digitalnomadshq.com.au/
HawkSEM,https://hawksem.com/
Ignite Digital,https://ignitedigital.com/
OpenMoves,https://openmoves.com/
"10,000+ AI-Powered No-Code Ideas Prompts",https://miguelanticonam.gumroad.com/l/premium-ai-powered-no-code
10× LLM,https://10xllm.com
200+ Growth Marketing Resources,https://digiarpit.gumroad.com/l/gmr
AgentStore,https://agent.store
AI Analysis for Surveys,https://app.sprig.com/signup
AI Easy Bookmarks,https://valerianotion.gumroad.com/l/ai-bookmarks
AI Easy Content Studio,https://ai-easy-content.xyz/
AI Image Generator,https://chat-gpt.photos/
AI Maid of Honor Speech Writing Tool,https://bridesmaidforhire.com/maid-of-honor-speech-generator
AI Profile For Slack,https://orgengage.com/
AI Website in 30 seconds,https://website.ddevi.com
AI-Powered Form Generator,https://blocksurvey.io/ai-powered-forms
aiforme.wiki,https://aiforme.wiki/
AIQrArt.co - Where Art Meets Code,https://aiqrart.co
AIQRHub,https://aiqrhub.com
Airplane Autopilot,https://airplane.dev/autopilot
Algomo,https://algomo.com
Anecdote,https://anecdoteai.com/bugs
Apostrophe Starter Kits,https://apostrophecms.com/starter-kits
Artvisio AI,https://artvisioai.com/
Arvin,https://tryarvin.com/arvin-code-interpreter
Asset Management by Zorp,https://zorp.one/asset-management
Astro Typers,https://skillprepare.com/astro-typers-free-typing-game/
Audionotes Pro,https://audionotes.app
Audiosonic,https://writesonic.com/ai-voice-generator
Awesome Sign,https://awesomesuite.com/sign
AWS Fundamentals,https://awsfundamentals.com
Awtomic,https://awtomic.com/
BatteryBoi (Open-Source),https://batteryboi.ovatar.io
Beau Workflows,https://beau.to
Bend Scorecard,https://usebend.com/scorecard
BentoAI,https://trybento.co/products/bentoai
Best Button Generator,https://bestcssbuttongenerator.com/
Best Reminder App,https://bestreminderapp.com
BetterPic,https://betterpic.io
Blitz,https://blitz-rn.com
Booklet,https://booklet.group
Boolvideo,https://boolv.video/
BoringCashCow,https://boringcashcow.com/
Brainstormer,https://brainstormer.online/
Briefy,https://briefy.ai
Buildshare,https://buildshare.io/
Cannoli,https://cannoli.app/
Canva Mockup Template for Notion Creator,https://moon0nnotion.gumroad.com/l/mxviw
Cardinal,https://cardinalapp.io
CareerSpark,https://careerspark.io
ChatGPT Enterprise,https://openai.com/enterprise
ChatGPT Prompts for AI,https://davidecamera.gumroad.com/l/ChatGPT_AI
Classyfont,https://classyfont.com/
Clone UI,https://clone-ui.design/
Code Reactions by adadot,https://adadot.com/codereactions.html
CodeWiz,https://codewiz.app
CodingDrills,https://codingdrills.com/
Coinfeeds,https://coinfeeds.io/
Commented.io,https://commented.io/
Config.tips,https://config.tips
Culrs,https://culrs.com
dailydomains.io,https://dailydomains.io
DataGalaxy,https://datagalaxy.com/en/
Deepen,https://thedeepen.app
DesignPlusMotion,https://designplusmotion.com/
DevHunt,https://devhunt.org/
Dokkio AI,https://dokkio.com/ai2023
Doodlocracy Daily,https://doodlocracy.com/daily
Dotcal Scheduler,https://dotcal.co
Dr. Lambda,https://drlambda.ai
DraftSparks Writing Prompts,https://draftsparks.com
Dropped Hub,https://droppedhub.com
dyrector.io,https://producthunt.com/r/p/412944
Elephas,https://elephas.app
Embeddable's Private Beta,https://embeddable.com/private-beta
Emoji Combiner,https://emojicombiner.com/
Essay Builder AI,https://essay-builder.ai
Essay Generator,https://essay.admitschool.com
Expense Tracker,https://iamsourabhshen.gumroad.com/l/expense-tracker/PH100
FastFacts,https://fastfacts7.com/
Featured AI Tool,https://openpedia.io/get-featured/
Fedica,https://fedica.com
Felix by moka.care,https://moka.care/felix-on-slack
File attachments by Xata,https://xata.io/file-attachments
findcool.tools,https://findcool.tools/
FindMyCat,https://findmycat.io/
FirstHR,https://firsthr.app/
Fitmap App,https://fitmap.in/fitmap-app
Flavored Resume,https://flavoredresume.com
FlowCanvas.io,https://flowcanvas.io
Focusdoro,https://focusdoro.com
Fontima,https://fontima.com/
Frameplate,https://frameplate.co
Free ATS by Dover,https://dover.com/ats
Freelance Power Pack,https://allprompts.com/freelance-toolkit/
FreeLogo.dev,https://freelogo.dev/
FreshRemote.work,https://freshremote.work
Frienzy,https://frienzy.io
Frond 2.0,https://frond.com
Frontyssey,https://frontyssey.com/
Funcanny AI,https://funcannyai.com
FusionArt AI,https://fusionartai.com/
GenieeAI,https://genieeai.com/
GoLess - Browser Automation,https://goless.com
Google for Startups Cloud Program,https://cloud.google.com/startup/apply
Google Sheets + OpenAI API,https://invertedstone.com/store/google-sheets-to-openai-api/
GPT Gifts,https://islaregalos.com/en/gpt-gifts
GPT Mind Maps Maker,https://livepolls.app/mindmap
GPTBots,https://gptbots.ai/developer
Graphite,https://graphite.dev/
Greenish.Careers,https://greenish.careers/en
Grindery.ai for Telegram,https://t.me/GrinderyAIBot
Gryzzly Time and Budget Tracking,https://gryzzly.io/en/weloveproducthunt/
Guide of AI Tool,https://guideofaitool.com/
Hamburg Finance,https://wedoflow.com/t/hamburg
Hands Time,https://handstime.app
Healsens,https://healsens.com/
Heyscribe,https://heyscribe.com/
Hoppscotch Self-Host,https://hoppscotch.io
HTML and CSS: Interactive Projects,https://matheusmello.gumroad.com/l/html-and-css-for-beginners
illustration.so by Dorik,https://illustration.so
Inai: Optimize & Recon,https://inai.io/revenue-optimization
IndexGuru,https://indexguru.io/
Ingredients,https://ingredients.tech/
Intelligent Payment Routing by Akurateco,https://akurateco.com/smart-routing-cascading
InterviewSpark,https://interviewspark.io/
ioni,https://ioni.ai/
IP Sync,https://ipsync.link
JA3.pro,https://ja3.pro/
JAM,https://ironballoonstudios.com/apps/jam
Jimo 1.0,https://usejimo.com/
Jupitrr AI Video Maker,https://jupitrr.com
KBaseBot,https://kbasebot.com
Klu AI,https://klu.so
Kula AI,https://kula.ai/
Kyugo,https://app.kyugo.app/
LaunchOS,https://ajinkyabhat.com/launchos
lemcal,https://lemcal.com
Liveblocks Yjs,https://liveblocks.io/document/yjs
Loom AI,https://loom.com/ai
Loops,https://loops.so/
LuckyDiem,https://luckydiem.com/consumers
M1-project,https://m1-project.com
MAC Address Lookup,https://macaddresslookup.org
Maekersuite,https://maekersuite.com
Magicsnap AI,https://magicsnap.ai/
Marketing Strategy Generator,https://founderpal.ai/marketing-strategy-generator
Marketsy.ai,https://marketsy.ai
Maximus AI Components Generator,https://maximus.guru/
Meal Planner,https://heykelseys.gumroad.com/l/Book
Meiro,https://meiro.cc
Melon,https://meln.ai
Microphone Test,https://microphonetest.com
MindMeldCanvas AI,https://mindmeldcanvas.com
MindPal 2.0,https://mindpal.space
Miro Talktrack,https://miro.com/app/board/uXjVMnWExbM=/
ModernQuery,https://modernquery.io
Monster Hunter Now,https://monsterhunternow.com/
MonsterImage.AI,https://monsterimage.ai
Motion Tailwind CSS,https://loopple.com/theme/motion-landing-library
MUBR,https://mubr.app
MyDataNinja,https://mydataninja.com
myGPTBrain,https://mygptbrain.com
myReach,https://myreach.io
Nappr,https://nappr.io
Nara,https://trynara.com
NFT Backup by Dolpin,https://dolpin.io
NotesNudge,https://notesnudge.com/
Notion Self Care Bundle,https://aadityaa04.gumroad.com/l/SelfCareBundle
Notion Smart Habit Tracker,https://notionauts.co/habit-tracker
Notionlytics,https://notionlytics.com/en
Off-Grid,https://offgrid-design.co/
One More Thing in AI,https://onemorethinginai.com/
OneAudio AI,https://oneaudio.ai/
OneSubmitAI,https://affordhunt.com/onesubmitai
Open Interpreter,https://openinterpreter.com/
openv0,https://github.com/raidendotai/openv0
Oso Modeler,https://ui.osohq.com/modeler
Papermark,https://papermark.io
PartnerVerse,https://partnerverse.online
Paste 4.0 for iOS,https://pasteapp.io
Patterns,https://designpatterns.io/
PDF Hippo: Dynamic PDF API for Devs,https://pdfhippo.com/
Pentest Copilot by BugBase,https://copilot.bugbase.ai/
Percento,https://apps.apple.com/us/app/percento/id1494319934
Permit.io,https://permit.io/producthunt
PetSitter Kit,https://laiew.com/petsitter
Picyard,https://picyard.in
Pixel,https://pxl.to
playCSS,https://playcss.app
Plerdy AI UX Assistant,https://plerdy.com/ai-ux-assistant/
Plutis,https://plutis.io
Pocket Hansei,https://pocket.hansei.app
Poised,https://poised.com/
Popwork Management Hacks,https://pop.work/lp/popwork-weekly-management-hacks
Portfolio Magic by Contra,https://contra.com/portfolios
Positive Tomato,https://positivetomato.com/
PreloaderAI,https://preloaderai.com
Product Launch Checklist,https://pascio.gumroad.com/l/launchchecklist
Product Launch Videos 2.0,https://flowjam.co/library
Productive Compass,https://logisparks.com/productive-compass
ProductMindset.io,https://productmindset.io/
Punta,https://punta.app
Pythia World,https://pythia.world/
Querio 1.0,https://querio.ai
RandomSeed Playground,https://randomseed.co/generate
Rayna UI,https://raynaui.com/
Reaction Emojis,https://reaction.ink
ReadMe Micro,https://micro.readme.com
RecruitGenius.ai,https://recruitgenius.ai/
Refff,https://refff.co
RerouteMe,https://naden.co
Restimuli,https://restimuli.com/
Retool AI,https://retool.com/products/ai
Rise,https://risecalendar.com
Robomotion Web Recorder,https://chrome.google.com/webstore/detail/robomotion-rpa/oamjpfljjfenimjpcmcbpfflnebabkcp
Rocketlane,https://rocketlane.com
Salesforge,https://salesforge.ai/
Scispot Lab-as-Code,https://scispot.com
Scoutflo Deploy,https://deploy-home.scoutflo.com/
Second,https://second.dev
SendIT,https://sendit.arcana.network
Seona V2,https://seona.usestyle.ai
Shadergradient 1.0,https://shadergradient.co/
ShipFast,https://shipfa.st
ShipFast.AI,https://shipfast.ai
Shopify AI chatbot,https://shopifyaichatbot.thesamur.ai
Shortwave AI Assistant,https://shortwave.com
Sleuth Automations,https://marketplace.sleuth.io/
Snapy.ai,https://snapy.ai/
Snipo,https://snipo.io
Solcial,https://solcial.io
Solidroad,https://solidroad.com/
SonarList.io,https://sonarlist.io
Spy ASO tools by ASOMobile,https://asomobile.net/en/
Starving Robots AI,https://starvingrobots.com
Steddy,https://steddy.health/
Stems ST-02,https://stems.app
StockInsights AI,https://stockinsights.ai/
Streamlined,https://streamlinedpayments.com
Student OS,https://matthewnotion.gumroad.com/l/studentos
Supademo 2.0,https://supademo.com/
Superflow for Web Apps,https://usesuperflow.com/web-apps
Supernotes 3,https://supernotes.app
SuratFit - Workout Together,https://suratfit.com
Surreality Illustrations,https://getillustrations.com/illustration-pack/surreality-abstract-illustrations
Swallow,https://swallow.app/
Sweetspot,https://console.sweetspotgov.com/
tabExtend 2.0,https://tabextend.com
Takeascreen 2.0,https://takeascreen.com/
TalkEze,https://gemoo.com/talkeze/
Tally 2.0,https://tally.so
Tandemz,https://tandemz.io/recruiting-platform
Task Jungle,https://taskjungle.vercel.app/
TasteJury,https://tastejury.com
Tempo Messenger,https://tempo.ms
texts.run,https://texts.run
The all-new Slite,https://slite.com
The Modern Pilot,https://modernpilot.biz
The Multiverse AI,https://themultiverse.ai
The Personal Branding Playbook,https://personalbrandingplaybook.carrd.co/
The Popup Project,https://popup-project.io
ThriveSparrow,https://thrivesparrow.com/
tiiny web editor,https://tiiny.host
Timemount,https://timemount.com
Tock 2.0,https://exploretock.com/
toolske,https://toolske.com/
Trickle,https://trickle.so/
Tried-It,https://trieditapp.com/
TrustLoop,https://trustloop.co/
U-Eyes,https://eyeballer.dev
Ultimate Etsy Guide for Digital Products,https://jordilabs.gumroad.com/l/utimate-etsy-guide
Ultimate Finance Tracker,https://djokavex.gumroad.com/l/UltimateFinanceTracker/46vymig
Ultimate Free Online Teleprompter,https://bigvu.tv/create/free-online-teleprompter
Ultimate Getting Things Done System,https://heyramzi.com/templates/clickup/gtd
Ultimate Wedding Planner,https://wedding-os.framer.ai/
Understand Better,https://understand-better.com
UniSpotted,https://unispotted.app/
Unite 5,https://bzgapps.com/unite
v0.dev by Vercel Labs,https://v0.dev
Val Town,https://val.town/
Valo,https://valo.club/
VENDOR,https://yc.v.inc/
Video Translation,https://labs.heygen.com/
Viral Tools,https://lovexplorego.gumroad.com/l/viral-captions
Virtual Sapiens,https://virtualsapiens.co/
Vite,https://vitejs.dev
Voicely 2.0,https://vidtoon.com/voicely/
Voxify - Songs & Podcasts,https://play.google.com/store/apps/details
W3 URL Shortener,https://w3.do/
Wanderlous,https://wanderlous.com
Who Wants to Be a Unicorn?,https://game.caena.io
Wiseway,https://wiseway.io
World of AI by aitools.fyi,https://worldofai.beehiiv.com
WriterZen,https://writerzen.net
Wylo,https://wyloapp.com/
X2Image,https://x2image.app/
Xtractly,https://xtractly.io
Xuperauth,https://xuperauth.com
Yarnit 2.0,https://yarnit.app/
YouTab,https://youtab.ai
Zoom Notes,https://news.zoom.us/zoom-introduces-notes/
◯˚GitStart,https://gitstart.com
99Booksstore,https://99booksstore.com
Abboocandleco,https://abboocandleco.com
Aegte,https://aegte.in
Amala,https://amala.earth
Andme,https://andme.in
Angiehomes,https://angiehomes.co
Anveshan,https://anveshan.farm
Astore,https://astore.in
At Home,https://at-home.co.in
Avermedia,https://avermedia.com
Backend,https://backend.build.cashify.in
Bajaao,https://bajaao.com
Believebrandco,https://believebrandco.com
Bellavitaorganic,https://bellavitaorganic.com
Beminimalist,https://beminimalist.co
Bighaat,https://bighaat.com
Bigsmall,https://bigsmall.in
Boat Lifestyle,https://boat-lifestyle.com
Boheco,https://boheco.in
Bohecolife,https://bohecolife.com
Bombayshavingcompany,https://bombayshavingcompany.com
Bookkish,https://bookkish.com
Bookstech,https://bookstech.in
Boultaudio,https://boultaudio.com
Bummer,https://bummer.in
Bunaai,https://bunaai.com
Bunastudio,https://bunastudio.com
Buywow,https://buywow.in
Byjus,https://byjus.com
Cakelinks,https://cakelinks.in
Campusshoes,https://campusshoes.com
Capesindia,https://capesindia.com
Casestudio,https://casestudio.in
Cashify,https://cashify.in
Consciousfood,https://consciousfood.com
Corahealth,https://corahealth.in
Coveritup,https://coveritup.com
Crossbeats,https://crossbeats.com
Curato,https://curato.in
Dermalogica,https://dermalogica.in
Detec,https://detec.in
Digibox,https://digibox.co.in
Dtc,https://dtc.boat-lifestyle.com
Elanstore,https://elanstore.in
Elegantautoretail,https://elegantautoretail.com
Ellipstore,https://ellipstore.com
Esahtea,https://esahtea.com
Exclusivelane,https://exclusivelane.com
Fabbox,https://fabbox.in
Fabriclore,https://fabriclore.com
Fabricpandit,https://fabricpandit.com
Fashionistamna,https://fashionistamna.com
Fireboltt,https://fireboltt.com
Fivedesignclient,https://fivedesignclient.in
Frenchcrown,https://frenchcrown.in
Fullyfilmy,https://fullyfilmy.in
Giva,https://giva.co
Glenindia,https://glenindia.com
Gonoise,https://gonoise.com
Gourmetgarden,https://gourmetgarden.in
Guduchiayurveda,https://guduchiayurveda.com
Gynoveda,https://gynoveda.com
Hammeronline,https://hammeronline.in
Happilo,https://happilo.com
Headphonezone,https://headphonezone.in
Headsupfortails,https://headsupfortails.com
Helmetdon,https://helmetdon.in
Himalayawellness,https://himalayawellness.in
Houseofmasaba,https://houseofmasaba.com
Imagineonline,https://imagineonline.store
Indiahemporganics,https://indiahemporganics.com
Itcstore,https://itcstore.in
Itokri,https://itokri.com
Jhajistore,https://jhajistore.com
Juicychemistry,https://juicychemistry.com
Justherbs,https://justherbs.in
Kharakapas,https://kharakapas.com
Kidstudio,https://kidstudio.in
Koovs,https://koovs.com
Lakmeindia,https://lakmeindia.com
Libas,https://libas.in
Linkpop,https://linkpop.com
Livingwords,https://livingwords.in
Lotusherbals,https://lotusherbals.com
Masalatokri,https://masalatokri.com
Mavshacklive,https://mavshacklive.in
Mcaffeine,https://mcaffeine.com
Mobiera,https://mobiera.in
Motocentral,https://motocentral.in
Neemans,https://neemans.com
Nestasia,https://nestasia.in
Nestatoys,https://nestatoys.in
Nextstep,https://nextstep.net.in
Nicobar,https://nicobar.com
Nurserylive,https://nurserylive.com
Oberlo,https://oberlo.in
Okhai,https://okhai.org
Onezeros,https://onezeros.in
Organicglacier,https://organicglacier.in
Oxiclear,https://oxiclear.in
Oyehappy,https://oyehappy.com
Oziva,https://oziva.in
Petsy,https://petsy.online
Plumgoodness,https://plumgoodness.com
Popitout,https://popitout.in
Portronics,https://portronics.com
Printrash,http://printrash.in
Ptron,https://ptron.in
Ragecoffee,https://ragecoffee.com
Rareplanet,https://rareplanet.in
Rasoishop,https://rasoishop.com
Reequil,https://reequil.com
Reequil Store,https://reequil-store.myshopify.com
Ribuy,https://ribuy.in
Rynoxgears,https://rynoxgears.com
Saral Homes,https://saral-homes.myshopify.com
Saralhome,https://saralhome.com
Scitron,https://scitron.com
Securebuy,http://securebuy.in
Shopify,https://shopify.in
Shoppremiumoutlets,https://shoppremiumoutlets.com
Skinelements,https://skinelements.in
Skinkraft,https://skinkraft.com
Sleepyowl,https://sleepyowl.co
Store,https://store.cashify.in
Studdmuffyn,https://studdmuffyn.com
Suhanipittie,https://suhanipittie.com
Supertails,https://supertails.com
Support,https://support.boat-lifestyle.com
Suta,https://suta.in
Swissbeauty,https://swissbeauty.in
Tableandtwist,https://tableandtwist.in
Theartment,https://theartment.com
Theflexnest,https://theflexnest.com
Thejodilife,https://thejodilife.com
Thenestery,https://thenestery.in
Traya,https://traya.health
Truefrog,https://truefrog.in
Tsco,https://tsco.co.in
Twobrothersindiashop,https://twobrothersindiashop.com
Urbanmonkey,https://urbanmonkey.com
Vashiisl,https://vashiisl.com
Vecras,https://vecras.com
Vedix,https://vedix.com
Veeba,https://veeba.in
Wallmantra,https://wallmantra.com
Websource,https://websource.co
Xyxxcrew,https://xyxxcrew.com
Yogabars,https://yogabars.in
Yourlibaas,https://yourlibaas.com
10 by 10,https://10by10.io
140 Proof,https://140proof.com
15Five,https://15five.com
21Tech,https://21tech.com
23andMe,https://23andme.com
2600Hz,https://2600hz.com
3scale,https://3scale.net
80Twenty,https://80twenty.com
8tracks,https://8tracks.com
99designs,https://99designs.com
Abl Schools,https://ablschools.com
Abstract,https://goabstract.com
Accela,https://accela.com
Accenture,https://accenture.com
Addepar,https://addepar.com
Adecco Group,https://adeccogroup.com
Admitsee,https://admitsee.com
Adobe,https://adobe.com
AdRoll,https://adroll.com
AdStage,https://adstage.io
Advent Software,https://advent.com
Adyen,https://adyen.com
Aerotek,https://aerotek.com
AEye,https://aeye.ai
Affinity,https://affinity.co
Affirm,https://affirm.com
After College,https://aftercollege.com
Airbnb,https://airbnb.com
Airtable,https://airtable.com
Airware,https://airware.com
AKQA,https://akqa.com
Aktana,https://aktana.com
Alation,https://alation.com
Algolia,https://algolia.com
AlienVault,https://alienvault.com
Allbirds,https://allbirds.com
Alloy,https://alloy.ai
Alpha Sense,https://alpha-sense.com
AltSchool,https://altschool.com
Always Hired,https://alwayshired.com
Amazon,https://amazon.com
Amazon Web Services,https://aws.training
Ambient.ai,https://ambient.ai
AMD,https://amd.com
Amplitude,https://amplitude.com
Anaplan,https://anaplan.com
Angaza,https://angaza.com
AngelList,https://angel.co
Anomali,https://anomali.com
Apollo,https://apollo.io
App Academy,https://appacademy.io
App Annie,https://appannie.com
AppDirect,https://appdirect.com
AppDynamics,https://appdynamics.com
Apple,https://apple.com
AppNexus,https://appnexus.com
Appodeal,https://appodeal.com
Apptimize,https://apptimize.com
Apteligent,https://apteligent.com
Aptly,https://getaptly.com
Apttus,https://apttus.com
Armory,https://armory.io
Art.com,https://art.com
Asana,https://asana.com
Ask Media Group,https://askmediagroup.com
ASUS,https://asus.com
Atrium LTS,https://atrium.co
Autodesk,https://autodesk.com
Automattic,https://automattic.com
Avast,https://avast.com
Avatier,https://avatier.com
Avenue Code,https://avenuecode.com
BabyCenter,https://babycenter.com
Babylist,https://babylist.com
Backerkit,https://backerkit.com
Barracuda,https://barracuda.com
Bebo,https://bebo.com
Bedrock Analytics,https://bedrockanalytics.com
Beezwax Datatools,https://beezwax.net
Benchmark Capital,https://benchmark.com
Benevity,https://benevity.com
Betterment,https://betterment.com
BetterUp,https://betterup.co
Betterworks,https://betterworks.com
Bexi,https://bexi.io
Beyond Games,https://beyondgames.co
BigCommerce,https://bigcommerce.com
Binc,https://bincsearch.com
Binti,https://binti.com
Birst,https://birst.com
BitBucket,https://bitbucket.org
Bitnami,https://bitnami.com
Blackhawk Network,https://blackhawknetwork.com
Bleacher Report,https://bleacherreport.com
Blend,https://blend.com
Bloc,https://bloc.io
BloomThat,https://bloomthat.com
Blue River Technology,https://bluerivertechnology.com
BlueCrew,https://bluecrewjobs.com
BlueJeans,https://bluejeans.com
BlueVine,https://bluevine.com
Blurb,https://blurb.com
Bolt,https://bolt.com
Box,https://box.com
Boxbot,https://boxbot.io
Bradfield School of Computer Science,https://bradfieldcs.com
Braintree,https://braintreepayments.com
Branch,https://branch.io
Branch International,https://branch.co
Brex,https://brex.com
Brigade,https://brigade.com
BrightBytes,https://brightbytes.net
Brightidea,https://brightidea.com
Brightpearl,https://brightpearl.com
BrightTALK,https://brighttalk.com
Broadcom,https://broadcom.com
Broadly,https://broadly.com
Bugcrowd,https://bugcrowd.com
Bugsnag,https://bugsnag.com
BuildingConnected,https://buildingconnected.com
