domain,email,source_url,source_type,source_kind,found_in,crawl_depth,confidence_score,confidence_label,reason_flags,sighting_count,verification_status,deliverability_confidence,resolved_company_domain,identity_confidence
stripe.com,jane.diaz@stripe.com,https://stripe.com/,httpx,site_page,html,0,100,high,site_source|untyped_mailbox|domain_match_exact|sightings_1|verified,1,verified,90,stripe.com,90
stripe.com,sales@stripe.com,https://stripe.com/contact/sales,httpx,site_page,mailto,1,100,high,site_source|contact_page|useful_mailbox|domain_match_exact|sightings_1|verified,1,verified,90,stripe.com,90
stripe.com,dpo@stripe.com,https://stripe.com/privacy,httpx,site_page,mailto,1,100,high,site_source|untyped_mailbox|domain_match_exact|sightings_1|verified,1,verified,90,stripe.com,90
stripe.com,privacy@stripe.com,https://stripe.com/privacy,httpx,site_page,mailto,1,100,high,site_source|untyped_mailbox|domain_match_exact|sightings_1|verified,1,verified,90,stripe.com,90
stripe.com,complaints-in@stripe.com,https://stripe.com/privacy,httpx,site_page,mailto,1,100,high,site_source|untyped_mailbox|domain_match_exact|sightings_1|verified,1,verified,90,stripe.com,90
stripe.com,error-lite@duckduckgo.com,https://duckduckgo.com/html/?q=site%3Astripe.com+%22%40stripe.com%22,osint,search_snippet,snippet_regex,0,80,high,osint_source|untyped_mailbox|domain_mismatch|sightings_3|verified,3,verified,90,stripe.com,40
stripe.com,055fe25f361b4333b9ab8f7fa5904bdc@errors.stripe.com,https://dashboard.stripe.com/register,httpx,site_page,html,1,77,high,site_source|untyped_mailbox|domain_match_related|sightings_1|risky,1,risky,45,stripe.com,75
stripe.com,f34eb4d46088416ba26b1e118e992a30@errors.stripe.com,https://dashboard.stripe.com/register,httpx,site_page,html,1,77,high,site_source|untyped_mailbox|domain_match_related|sightings_1|risky,1,risky,45,stripe.com,75
stripe.com,d0ddf36aa5f04a4a8239b56280da7517@errors.stripe.com,https://dashboard.stripe.com/register,httpx,site_page,html,1,77,high,site_source|untyped_mailbox|domain_match_related|sightings_1|risky,1,risky,45,stripe.com,75
stripe.com,467ec12a20ca4821a0b79a230a98d7d1@errors.stripe.com,https://dashboard.stripe.com/register,httpx,site_page,html,1,77,high,site_source|untyped_mailbox|domain_match_related|sightings_1|risky,1,risky,45,stripe.com,75
stripe.com,0c0602c7c032430a8ac6c219ce642c81@errors.stripe.com,https://dashboard.stripe.com/register,httpx,site_page,html,1,77,high,site_source|untyped_mailbox|domain_match_related|sightings_1|risky,1,risky,45,stripe.com,75
stripe.com,e8205334b22944a8a30b339d219b325c@errors.stripe.com,https://dashboard.stripe.com/register,httpx,site_page,html,1,77,high,site_source|untyped_mailbox|domain_match_related|sightings_1|risky,1,risky,45,stripe.com,75
stripe.com,4f0828f3c75c49c3ba20e493e30dc539@errors.stripe.com,https://dashboard.stripe.com/register,httpx,site_page,html,1,77,high,site_source|untyped_mailbox|domain_match_related|sightings_1|risky,1,risky,45,stripe.com,75
stripe.com,e0cad97696704d51bf173a88ebc06cc4@errors.stripe.com,https://dashboard.stripe.com/register,httpx,site_page,html,1,77,high,site_source|untyped_mailbox|domain_match_related|sightings_1|risky,1,risky,45,stripe.com,75
stripe.com,292ea7992b0f4e4db2abd96280207489@errors.stripe.com,https://dashboard.stripe.com/register,httpx,site_page,html,1,77,high,site_source|untyped_mailbox|domain_match_related|sightings_1|risky,1,risky,45,stripe.com,75
stripe.com,ed68af4cb70541eda554e01372542a06@errors.stripe.com,https://dashboard.stripe.com/register,httpx,site_page,html,1,77,high,site_source|untyped_mailbox|domain_match_related|sightings_1|risky,1,risky,45,stripe.com,75
stripe.com,d43908be97e348019a089641caf9323d@errors.stripe.com,https://dashboard.stripe.com/register,httpx,site_page,html,1,77,high,site_source|untyped_mailbox|domain_match_related|sightings_1|risky,1,risky,45,stripe.com,75
stripe.com,72ef0551777a4c198296f6921ef9eff2@errors.stripe.com,https://dashboard.stripe.com/register,httpx,site_page,html,1,77,high,site_source|untyped_mailbox|domain_match_related|sightings_1|risky,1,risky,45,stripe.com,75
stripe.com,b02cea7c52b546619ad94f0277a1aa3b@errors.stripe.com,https://dashboard.stripe.com/register,httpx,site_page,html,1,77,high,site_source|untyped_mailbox|domain_match_related|sightings_1|risky,1,risky,45,stripe.com,75
stripe.com,f8f606e2c5574474a3b48d5f79606a6c@errors.stripe.com,https://dashboard.stripe.com/register,httpx,site_page,html,1,77,high,site_source|untyped_mailbox|domain_match_related|sightings_1|risky,1,risky,45,stripe.com,75
stripe.com,ce6fba07eeaa4bdd99ffd52dc96de8b6@errors.stripe.com,https://dashboard.stripe.com/register,httpx,site_page,html,1,77,high,site_source|untyped_mailbox|domain_match_related|sightings_1|risky,1,risky,45,stripe.com,75
stripe.com,6a83f8fe246645568d6a1a9959237180@errors.stripe.com,https://dashboard.stripe.com/register,httpx,site_page,html,1,77,high,site_source|untyped_mailbox|domain_match_related|sightings_1|risky,1,risky,45,stripe.com,75
stripe.com,8ba096e6fcba475f87ce34e26c13fb42@errors.stripe.com,https://dashboard.stripe.com/register,httpx,site_page,html,1,77,high,site_source|untyped_mailbox|domain_match_related|sightings_1|risky,1,risky,45,stripe.com,75
stripe.com,0413044039f446ed806d8c6805dbbd83@errors.stripe.com,https://dashboard.stripe.com/register,httpx,site_page,html,1,77,high,site_source|untyped_mailbox|domain_match_related|sightings_1|risky,1,risky,45,stripe.com,75
stripe.com,f1251a25a7804408b84cab9c4471e9f4@errors.stripe.com,https://dashboard.stripe.com/register,httpx,site_page,html,1,77,high,site_source|untyped_mailbox|domain_match_related|sightings_1|risky,1,risky,45,stripe.com,75
stripe.com,48d1f34146b8486baa45036e9ae97833@errors.stripe.com,https://dashboard.stripe.com/register,httpx,site_page,html,1,77,high,site_source|untyped_mailbox|domain_match_related|sightings_1|risky,1,risky,45,stripe.com,75
stripe.com,4a42fe65859e44fd88c51d770bdbf890@errors.stripe.com,https://dashboard.stripe.com/register,httpx,site_page,html,1,77,high,site_source|untyped_mailbox|domain_match_related|sightings_1|risky,1,risky,45,stripe.com,75
stripe.com,06beee11ef2a491eb9493f5f3adc0864@errors.stripe.com,https://dashboard.stripe.com/register,httpx,site_page,html,1,77,high,site_source|untyped_mailbox|domain_match_related|sightings_1|risky,1,risky,45,stripe.com,75
stripe.com,a5f5fc46665e4e3b93459bc24d178b5c@errors.stripe.com,https://dashboard.stripe.com/register,httpx,site_page,html,1,77,high,site_source|untyped_mailbox|domain_match_related|sightings_1|risky,1,risky,45,stripe.com,75
stripe.com,f9f005d142aa4b8181bb59d1776d43d6@errors.stripe.com,https://dashboard.stripe.com/register,httpx,site_page,html,1,77,high,site_source|untyped_mailbox|domain_match_related|sightings_1|risky,1,risky,45,stripe.com,75
stripe.com,6d36f2f4c65546d6ad4d59ba5849fd0e@errors.stripe.com,https://dashboard.stripe.com/register,httpx,site_page,html,1,77,high,site_source|untyped_mailbox|domain_match_related|sightings_1|risky,1,risky,45,stripe.com,75
stripe.com,2362a893aac44c8b855f112202d82719@errors.stripe.com,https://dashboard.stripe.com/register,httpx,site_page,html,1,77,high,site_source|untyped_mailbox|domain_match_related|sightings_1|risky,1,risky,45,stripe.com,75
stripe.com,75736211a6184d1d86fc87ca0c110cb7@errors.stripe.com,https://dashboard.stripe.com/register,httpx,site_page,html,1,77,high,site_source|untyped_mailbox|domain_match_related|sightings_1|risky,1,risky,45,stripe.com,75
stripe.com,77ad122408214fa8ae52583c024812cd@errors.stripe.com,https://dashboard.stripe.com/register,httpx,site_page,html,1,77,high,site_source|untyped_mailbox|domain_match_related|sightings_1|risky,1,risky,45,stripe.com,75
stripe.com,cb6868a2387b4cba82027fd8d7a2fd6e@errors.stripe.com,https://dashboard.stripe.com/register,httpx,site_page,html,1,77,high,site_source|untyped_mailbox|domain_match_related|sightings_1|risky,1,risky,45,stripe.com,75
stripe.com,2446df54151241b7a9ffa6981cd6727a@errors.stripe.com,https://dashboard.stripe.com/register,httpx,site_page,html,1,77,high,site_source|untyped_mailbox|domain_match_related|sightings_1|risky,1,risky,45,stripe.com,75
stripe.com,bcdde4161bb0480ca35fb3ce32ebc44d@errors.stripe.com,https://dashboard.stripe.com/register,httpx,site_page,html,1,77,high,site_source|untyped_mailbox|domain_match_related|sightings_1|risky,1,risky,45,stripe.com,75
stripe.com,697351a0d35c4bebbdded2463f4972b3@errors.stripe.com,https://dashboard.stripe.com/register,httpx,site_page,html,1,77,high,site_source|untyped_mailbox|domain_match_related|sightings_1|risky,1,risky,45,stripe.com,75
stripe.com,8a383663cbb14f4cbea442480771fcd3@errors.stripe.com,https://dashboard.stripe.com/register,httpx,site_page,html,1,77,high,site_source|untyped_mailbox|domain_match_related|sightings_1|risky,1,risky,45,stripe.com,75
stripe.com,9dc3edb17ac340ceb4ac348d852010b7@errors.stripe.com,https://dashboard.stripe.com/register,httpx,site_page,html,1,77,high,site_source|untyped_mailbox|domain_match_related|sightings_1|risky,1,risky,45,stripe.com,75
stripe.com,3bba14d8585c4c878a7eee87cd2e6213@errors.stripe.com,https://dashboard.stripe.com/register,httpx,site_page,html,1,77,high,site_source|untyped_mailbox|domain_match_related|sightings_1|risky,1,risky,45,stripe.com,75
stripe.com,d80c16c3b59744e292e05ecf82e8d14f@errors.stripe.com,https://dashboard.stripe.com/register,httpx,site_page,html,1,77,high,site_source|untyped_mailbox|domain_match_related|sightings_1|risky,1,risky,45,stripe.com,75
stripe.com,2abb0d67541e407a9139071ba5d08d97@errors.stripe.com,https://dashboard.stripe.com/register,httpx,site_page,html,1,77,high,site_source|untyped_mailbox|domain_match_related|sightings_1|risky,1,risky,45,stripe.com,75
stripe.com,59669e925e5647639a055af0f4683e28@errors.stripe.com,https://dashboard.stripe.com/register,httpx,site_page,html,1,77,high,site_source|untyped_mailbox|domain_match_related|sightings_1|risky,1,risky,45,stripe.com,75
stripe.com,bc3aad91bcae485db6309ae7cc79c213@errors.stripe.com,https://dashboard.stripe.com/register,httpx,site_page,html,1,77,high,site_source|untyped_mailbox|domain_match_related|sightings_1|risky,1,risky,45,stripe.com,75
stripe.com,aa9a1009979a485a83908dc4eb913d60@errors.stripe.com,https://dashboard.stripe.com/register,httpx,site_page,html,1,77,high,site_source|untyped_mailbox|domain_match_related|sightings_1|risky,1,risky,45,stripe.com,75
stripe.com,37df1488a14449b6b5dc2d19c08c3f84@errors.stripe.com,https://dashboard.stripe.com/register,httpx,site_page,html,1,77,high,site_source|untyped_mailbox|domain_match_related|sightings_1|risky,1,risky,45,stripe.com,75
stripe.com,55f46479a5294df49627a0e0373f09ce@errors.stripe.com,https://dashboard.stripe.com/register,httpx,site_page,html,1,77,high,site_source|untyped_mailbox|domain_match_related|sightings_1|risky,1,risky,45,stripe.com,75
stripe.com,2c9d67d04892426ab2c02b9958953e15@errors.stripe.com,https://dashboard.stripe.com/register,httpx,site_page,html,1,77,high,site_source|untyped_mailbox|domain_match_related|sightings_1|risky,1,risky,45,stripe.com,75
stripe.com,f1cffe9e27a04b98b955f785405a3d0e@errors.stripe.com,https://dashboard.stripe.com/register,httpx,site_page,html,1,77,high,site_source|untyped_mailbox|domain_match_related|sightings_1|risky,1,risky,45,stripe.com,75
stripe.com,a2938ee3b49d4ef491e2667649f71fb2@errors.stripe.com,https://dashboard.stripe.com/register,httpx,site_page,html,1,77,high,site_source|untyped_mailbox|domain_match_related|sightings_1|risky,1,risky,45,stripe.com,75
stripe.com,58f4a9bf85334534be4f9ffd9ffb3058@errors.stripe.com,https://dashboard.stripe.com/register,httpx,site_page,html,1,77,high,site_source|untyped_mailbox|domain_match_related|sightings_1|risky,1,risky,45,stripe.com,75
stripe.com,4524d2f985d04f3494474dd97d73b357@errors.stripe.com,https://dashboard.stripe.com/register,httpx,site_page,html,1,77,high,site_source|untyped_mailbox|domain_match_related|sightings_1|risky,1,risky,45,stripe.com,75
stripe.com,06f1399ed72447cda4e24b1dfa25e30b@errors.stripe.com,https://dashboard.stripe.com/register,httpx,site_page,html,1,77,high,site_source|untyped_mailbox|domain_match_related|sightings_1|risky,1,risky,45,stripe.com,75
stripe.com,0585ae59642e40b18f4837fbd599d59d@errors.stripe.com,https://dashboard.stripe.com/register,httpx,site_page,html,1,77,high,site_source|untyped_mailbox|domain_match_related|sightings_1|risky,1,risky,45,stripe.com,75
stripe.com,115e014aabeb4bd08f75e116dcb49cac@errors.stripe.com,https://dashboard.stripe.com/register,httpx,site_page,html,1,77,high,site_source|untyped_mailbox|domain_match_related|sightings_1|risky,1,risky,45,stripe.com,75
stripe.com,61970ebf995c4bf1adf2713c73ca80f5@errors.stripe.com,https://dashboard.stripe.com/register,httpx,site_page,html,1,77,high,site_source|untyped_mailbox|domain_match_related|sightings_1|risky,1,risky,45,stripe.com,75
stripe.com,051ef4a8994d4b57ae3ca07bd9502949@errors.stripe.com,https://dashboard.stripe.com/register,httpx,site_page,html,1,77,high,site_source|untyped_mailbox|domain_match_related|sightings_1|risky,1,risky,45,stripe.com,75
stripe.com,268af72cd2b7470b8ab0b8df4ea1a6a8@errors.stripe.com,https://dashboard.stripe.com/register,httpx,site_page,html,1,77,high,site_source|untyped_mailbox|domain_match_related|sightings_1|risky,1,risky,45,stripe.com,75
stripe.com,312cff6f42cc415084b6155275b111ca@errors.stripe.com,https://dashboard.stripe.com/register,httpx,site_page,html,1,77,high,site_source|untyped_mailbox|domain_match_related|sightings_1|risky,1,risky,45,stripe.com,75
stripe.com,3a5349dadaaa4fe99e95a06c9f83d220@errors.stripe.com,https://dashboard.stripe.com/register,httpx,site_page,html,1,77,high,site_source|untyped_mailbox|domain_match_related|sightings_1|risky,1,risky,45,stripe.com,75
stripe.com,62f6209bbf6a42529d5760a03768ab52@errors.stripe.com,https://dashboard.stripe.com/register,httpx,site_page,html,1,77,high,site_source|untyped_mailbox|domain_match_related|sightings_1|risky,1,risky,45,stripe.com,75
stripe.com,3f4d4c3ae4cc4d08a66dc1acf56df9ee@errors.stripe.com,https://dashboard.stripe.com/register,httpx,site_page,html,1,77,high,site_source|untyped_mailbox|domain_match_related|sightings_1|risky,1,risky,45,stripe.com,75
stripe.com,7d3b8cb641464b3fb1d8fe5fc05c986a@errors.stripe.com,https://dashboard.stripe.com/register,httpx,site_page,html,1,77,high,site_source|untyped_mailbox|domain_match_related|sightings_1|risky,1,risky,45,stripe.com,75
stripe.com,b2a8696791f64f51a15d6351cfcaf695@errors.stripe.com,https://dashboard.stripe.com/register,httpx,site_page,html,1,77,high,site_source|untyped_mailbox|domain_match_related|sightings_1|risky,1,risky,45,stripe.com,75
stripe.com,6a9b51946de84c52b5c0c5ad058230a3@errors.stripe.com,https://dashboard.stripe.com/register,httpx,site_page,html,1,77,high,site_source|untyped_mailbox|domain_match_related|sightings_1|risky,1,risky,45,stripe.com,75
stripe.com,d274b27791c144b9aee2825c649e5c04@errors.stripe.com,https://dashboard.stripe.com/register,httpx,site_page,html,1,77,high,site_source|untyped_mailbox|domain_match_related|sightings_1|risky,1,risky,45,stripe.com,75
stripe.com,275a47d76fea4f37a420e42af28e339e@errors.stripe.com,https://dashboard.stripe.com/register,httpx,site_page,html,1,77,high,site_source|untyped_mailbox|domain_match_related|sightings_1|risky,1,risky,45,stripe.com,75
stripe.com,17fb6d66b1cd4e63ac5f52302c85ba22@errors.stripe.com,https://dashboard.stripe.com/register,httpx,site_page,html,1,77,high,site_source|untyped_mailbox|domain_match_related|sightings_1|risky,1,risky,45,stripe.com,75
stripe.com,a56ebcfd808c4f6d9aaea385ba2329d5@errors.stripe.com,https://dashboard.stripe.com/register,httpx,site_page,html,1,77,high,site_source|untyped_mailbox|domain_match_related|sightings_1|risky,1,risky,45,stripe.com,75
stripe.com,b4af3e18e0324be4b5ca09c7e90515aa@errors.stripe.com,https://dashboard.stripe.com/register,httpx,site_page,html,1,77,high,site_source|untyped_mailbox|domain_match_related|sightings_1|risky,1,risky,45,stripe.com,75
stripe.com,6ee647ad35e840288a2cd0dee069b97b@errors.stripe.com,https://dashboard.stripe.com/register,httpx,site_page,html,1,77,high,site_source|untyped_mailbox|domain_match_related|sightings_1|risky,1,risky,45,stripe.com,75
stripe.com,0e25daa15073433290085f8468b20022@errors.stripe.com,https://dashboard.stripe.com/register,httpx,site_page,html,1,77,high,site_source|untyped_mailbox|domain_match_related|sightings_1|risky,1,risky,45,stripe.com,75
stripe.com,dfe7675d4fde4000bbb0801068db1457@errors.stripe.com,https://dashboard.stripe.com/register,httpx,site_page,html,1,77,high,site_source|untyped_mailbox|domain_match_related|sightings_1|risky,1,risky,45,stripe.com,75
stripe.com,6edd1269d8e74101b2f81076d39dc2f4@errors.stripe.com,https://dashboard.stripe.com/register,httpx,site_page,html,1,77,high,site_source|untyped_mailbox|domain_match_related|sightings_1|risky,1,risky,45,stripe.com,75
stripe.com,40a30b4473ea43509b61eda0024fd8a2@errors.stripe.com,https://dashboard.stripe.com/register,httpx,site_page,html,1,77,high,site_source|untyped_mailbox|domain_match_related|sightings_1|risky,1,risky,45,stripe.com,75
stripe.com,8689bb45e49a4f868c2bcad8c79f0ce5@errors.stripe.com,https://dashboard.stripe.com/register,httpx,site_page,html,1,77,high,site_source|untyped_mailbox|domain_match_related|sightings_1|risky,1,risky,45,stripe.com,75
stripe.com,e9ad572192a14695a061ea0338701517@errors.stripe.com,https://dashboard.stripe.com/register,httpx,site_page,html,1,77,high,site_source|untyped_mailbox|domain_match_related|sightings_1|risky,1,risky,45,stripe.com,75
stripe.com,63534f2b559b444b96a93e72b6d627c1@errors.stripe.com,https://dashboard.stripe.com/register,httpx,site_page,html,1,77,high,site_source|untyped_mailbox|domain_match_related|sightings_1|risky,1,risky,45,stripe.com,75
stripe.com,cb545301a4d3498b966aef456590624a@errors.stripe.com,https://dashboard.stripe.com/register,httpx,site_page,html,1,77,high,site_source|untyped_mailbox|domain_match_related|sightings_1|risky,1,risky,45,stripe.com,75
stripe.com,71ed6b228a4143328f923dc00451a08e@errors.stripe.com,https://dashboard.stripe.com/register,httpx,site_page,html,1,77,high,site_source|untyped_mailbox|domain_match_related|sightings_1|risky,1,risky,45,stripe.com,75
stripe.com,d68275d787364f979c3eafd63dba119f@errors.stripe.com,https://dashboard.stripe.com/register,httpx,site_page,html,1,77,high,site_source|untyped_mailbox|domain_match_related|sightings_1|risky,1,risky,45,stripe.com,75
stripe.com,9917ec36ea664489861a92a7c61e2757@errors.stripe.com,https://dashboard.stripe.com/register,httpx,site_page,html,1,77,high,site_source|untyped_mailbox|domain_match_related|sightings_1|risky,1,risky,45,stripe.com,75
stripe.com,617d250f8f4241f38363ebbe9285ce06@errors.stripe.com,https://dashboard.stripe.com/register,httpx,site_page,html,1,77,high,site_source|untyped_mailbox|domain_match_related|sightings_1|risky,1,risky,45,stripe.com,75
stripe.com,51d93e74bb254603873ad87a8f2671dd@errors.stripe.com,https://dashboard.stripe.com/register,httpx,site_page,html,1,77,high,site_source|untyped_mailbox|domain_match_related|sightings_1|risky,1,risky,45,stripe.com,75
stripe.com,ee29e9bc66cb4a7bb2b85d393fb07c9d@errors.stripe.com,https://dashboard.stripe.com/register,httpx,site_page,html,1,77,high,site_source|untyped_mailbox|domain_match_related|sightings_1|risky,1,risky,45,stripe.com,75
stripe.com,1722dc9cdeb4467db1df316ec8d479d9@errors.stripe.com,https://dashboard.stripe.com/register,httpx,site_page,html,1,77,high,site_source|untyped_mailbox|domain_match_related|sightings_1|risky,1,risky,45,stripe.com,75
stripe.com,336a39b84a384080a7d5700b315712ca@errors.stripe.com,https://dashboard.stripe.com/register,httpx,site_page,html,1,77,high,site_source|untyped_mailbox|domain_match_related|sightings_1|risky,1,risky,45,stripe.com,75
stripe.com,d6982a258f104990b628f9df0ab79927@errors.stripe.com,https://dashboard.stripe.com/register,httpx,site_page,html,1,77,high,site_source|untyped_mailbox|domain_match_related|sightings_1|risky,1,risky,45,stripe.com,75
stripe.com,c395722831504af399b1e2f61675a607@errors.stripe.com,https://dashboard.stripe.com/register,httpx,site_page,html,1,77,high,site_source|untyped_mailbox|domain_match_related|sightings_1|risky,1,risky,45,stripe.com,75
stripe.com,02746a65b3e745ba983cb91f83688cbc@errors.stripe.com,https://dashboard.stripe.com/register,httpx,site_page,html,1,77,high,site_source|untyped_mailbox|domain_match_related|sightings_1|risky,1,risky,45,stripe.com,75
stripe.com,698a3fde5b574e30a02eb882b2e1739c@errors.stripe.com,https://dashboard.stripe.com/register,httpx,site_page,html,1,77,high,site_source|untyped_mailbox|domain_match_related|sightings_1|risky,1,risky,45,stripe.com,75
stripe.com,2f314b12e6b44096addfe8dc926829f3@errors.stripe.com,https://dashboard.stripe.com/register,httpx,site_page,html,1,77,high,site_source|untyped_mailbox|domain_match_related|sightings_1|risky,1,risky,45,stripe.com,75
stripe.com,39cc9ca56a984b9b8f55e55554496869@errors.stripe.com,https://dashboard.stripe.com/register,httpx,site_page,html,1,77,high,site_source|untyped_mailbox|domain_match_related|sightings_1|risky,1,risky,45,stripe.com,75
stripe.com,cdf14b2e689640fca796bd09a466d7f6@errors.stripe.com,https://dashboard.stripe.com/register,httpx,site_page,html,1,77,high,site_source|untyped_mailbox|domain_match_related|sightings_1|risky,1,risky,45,stripe.com,75
stripe.com,2bcf5e31d7294a3daee53fdcfaa0e7c7@errors.stripe.com,https://dashboard.stripe.com/register,httpx,site_page,html,1,77,high,site_source|untyped_mailbox|domain_match_related|sightings_1|risky,1,risky,45,stripe.com,75
stripe.com,fd7fbe8598594f35806d6ba7e725be7b@errors.stripe.com,https://dashboard.stripe.com/register,httpx,site_page,html,1,77,high,site_source|untyped_mailbox|domain_match_related|sightings_1|risky,1,risky,45,stripe.com,75
stripe.com,1b73077aa5e944d1896b427489984a1e@errors.stripe.com,https://dashboard.stripe.com/register,httpx,site_page,html,1,77,high,site_source|untyped_mailbox|domain_match_related|sightings_1|risky,1,risky,45,stripe.com,75
stripe.com,f0a55fb5823747d19c2c3304e43f0cf1@errors.stripe.com,https://dashboard.stripe.com/register,httpx,site_page,html,1,77,high,site_source|untyped_mailbox|domain_match_related|sightings_1|risky,1,risky,45,stripe.com,75
stripe.com,2734183986604654986fde71fa7972b8@errors.stripe.com,https://dashboard.stripe.com/register,httpx,site_page,html,1,77,high,site_source|untyped_mailbox|domain_match_related|sightings_1|risky,1,risky,45,stripe.com,75
stripe.com,41e94f1ab4ea4010b1092f1801aa7a95@errors.stripe.com,https://dashboard.stripe.com/register,httpx,site_page,html,1,77,high,site_source|untyped_mailbox|domain_match_related|sightings_1|risky,1,risky,45,stripe.com,75
stripe.com,34e4579f8ce043399198c6bd4f64f2cf@errors.stripe.com,https://dashboard.stripe.com/register,httpx,site_page,html,1,77,high,site_source|untyped_mailbox|domain_match_related|sightings_1|risky,1,risky,45,stripe.com,75
stripe.com,c5e4ec25663542c5abab9b19bc6a2eea@errors.stripe.com,https://dashboard.stripe.com/register,httpx,site_page,html,1,77,high,site_source|untyped_mailbox|domain_match_related|sightings_1|risky,1,risky,45,stripe.com,75
stripe.com,482d7be907db4bfe8bb2bc2f0d77d437@errors.stripe.com,https://dashboard.stripe.com/register,httpx,site_page,html,1,77,high,site_source|untyped_mailbox|domain_match_related|sightings_1|risky,1,risky,45,stripe.com,75
stripe.com,dbae4cde312d421285eb8cf9b2fc8265@errors.stripe.com,https://dashboard.stripe.com/register,httpx,site_page,html,1,77,high,site_source|untyped_mailbox|domain_match_related|sightings_1|risky,1,risky,45,stripe.com,75
stripe.com,dbaa288c22764780aaa85b69376830ce@errors.stripe.com,https://dashboard.stripe.com/register,httpx,site_page,html,1,77,high,site_source|untyped_mailbox|domain_match_related|sightings_1|risky,1,risky,45,stripe.com,75
stripe.com,4a6bf26ac24c4bbd82928f0c9ea951df@errors.stripe.com,https://dashboard.stripe.com/register,httpx,site_page,html,1,77,high,site_source|untyped_mailbox|domain_match_related|sightings_1|risky,1,risky,45,stripe.com,75
stripe.com,6f26365bb84f4b07abee2bf3fd5876d9@errors.stripe.com,https://dashboard.stripe.com/register,httpx,site_page,html,1,77,high,site_source|untyped_mailbox|domain_match_related|sightings_1|risky,1,risky,45,stripe.com,75
stripe.com,8c13f30cb4e64d01a1e98f6f7c2b15b6@errors.stripe.com,https://dashboard.stripe.com/register,httpx,site_page,html,1,77,high,site_source|untyped_mailbox|domain_match_related|sightings_1|risky,1,risky,45,stripe.com,75
stripe.com,5bbdaf7e322149be926c9db3dde5cdfa@errors.stripe.com,https://dashboard.stripe.com/register,httpx,site_page,html,1,77,high,site_source|untyped_mailbox|domain_match_related|sightings_1|risky,1,risky,45,stripe.com,75
stripe.com,dd9c0ebd5da74f3ca7fe61fc333cbf1e@errors.stripe.com,https://dashboard.stripe.com/register,httpx,site_page,html,1,77,high,site_source|untyped_mailbox|domain_match_related|sightings_1|risky,1,risky,45,stripe.com,75
stripe.com,0dff39fdfbc64e91b4deffb68f1d5586@errors.stripe.com,https://dashboard.stripe.com/register,httpx,site_page,html,1,77,high,site_source|untyped_mailbox|domain_match_related|sightings_1|risky,1,risky,45,stripe.com,75
stripe.com,8f99c3b5ff2d4ea3a2c3e9335aef4cf3@errors.stripe.com,https://dashboard.stripe.com/register,httpx,site_page,html,1,77,high,site_source|untyped_mailbox|domain_match_related|sightings_1|risky,1,risky,45,stripe.com,75
stripe.com,63561184653544e79ccc7f30a5f0b29d@errors.stripe.com,https://dashboard.stripe.com/register,httpx,site_page,html,1,77,high,site_source|untyped_mailbox|domain_match_related|sightings_1|risky,1,risky,45,stripe.com,75
stripe.com,d015d0d6147a42c596def6477f42395c@errors.stripe.com,https://dashboard.stripe.com/register,httpx,site_page,html,1,77,high,site_source|untyped_mailbox|domain_match_related|sightings_1|risky,1,risky,45,stripe.com,75
stripe.com,0b42c2e8ebe34b289663f5c8d7149bf2@errors.stripe.com,https://dashboard.stripe.com/register,httpx,site_page,html,1,77,high,site_source|untyped_mailbox|domain_match_related|sightings_1|risky,1,risky,45,stripe.com,75
stripe.com,bb20ff8888d0468c89a34804a57deae1@errors.stripe.com,https://dashboard.stripe.com/register,httpx,site_page,html,1,77,high,site_source|untyped_mailbox|domain_match_related|sightings_1|risky,1,risky,45,stripe.com,75
stripe.com,8aaf34f375e9432ab0627eb655e5287f@errors.stripe.com,https://dashboard.stripe.com/register,httpx,site_page,html,1,77,high,site_source|untyped_mailbox|domain_match_related|sightings_1|risky,1,risky,45,stripe.com,75
stripe.com,82ff1649c3a5486b9f4e3fac9dfd389e@errors.stripe.com,https://dashboard.stripe.com/register,httpx,site_page,html,1,77,high,site_source|untyped_mailbox|domain_match_related|sightings_1|risky,1,risky,45,stripe.com,75
stripe.com,0f55698e82794a72bd6ed9d3f84b246e@errors.stripe.com,https://dashboard.stripe.com/register,httpx,site_page,html,1,77,high,site_source|untyped_mailbox|domain_match_related|sightings_1|risky,1,risky,45,stripe.com,75
stripe.com,96b9e467f0a6491cbf92a9c29fa6ace5@errors.stripe.com,https://dashboard.stripe.com/register,httpx,site_page,html,1,77,high,site_source|untyped_mailbox|domain_match_related|sightings_1|risky,1,risky,45,stripe.com,75
stripe.com,b5efd646d6644e1f88a4b987eab09a61@errors.stripe.com,https://dashboard.stripe.com/register,httpx,site_page,html,1,77,high,site_source|untyped_mailbox|domain_match_related|sightings_1|risky,1,risky,45,stripe.com,75
stripe.com,2230ab74169a40aa969ff46451241841@errors.stripe.com,https://dashboard.stripe.com/register,httpx,site_page,html,1,77,high,site_source|untyped_mailbox|domain_match_related|sightings_1|risky,1,risky,45,stripe.com,75
stripe.com,90d8ad77a9864831921c392d793ea9fb@errors.stripe.com,https://dashboard.stripe.com/register,httpx,site_page,html,1,77,high,site_source|untyped_mailbox|domain_match_related|sightings_1|risky,1,risky,45,stripe.com,75
stripe.com,c8052b912dfb4de6aaec9426ae83380b@errors.stripe.com,https://dashboard.stripe.com/register,httpx,site_page,html,1,77,high,site_source|untyped_mailbox|domain_match_related|sightings_1|risky,1,risky,45,stripe.com,75
stripe.com,8e60e284354e41b9b5bd75d9ee57f320@errors.stripe.com,https://dashboard.stripe.com/register,httpx,site_page,html,1,77,high,site_source|untyped_mailbox|domain_match_related|sightings_1|risky,1,risky,45,stripe.com,75
stripe.com,fc1e10d84a8d4793856b2823c5cbe3e8@errors.stripe.com,https://dashboard.stripe.com/register,httpx,site_page,html,1,77,high,site_source|untyped_mailbox|domain_match_related|sightings_1|risky,1,risky,45,stripe.com,75
stripe.com,e0d59861e1d946cd9b5d74e6d2a83167@errors.stripe.com,https://dashboard.stripe.com/register,httpx,site_page,html,1,77,high,site_source|untyped_mailbox|domain_match_related|sightings_1|risky,1,risky,45,stripe.com,75
stripe.com,1078669686944563a3fb3f5e043cd09b@errors.stripe.com,https://dashboard.stripe.com/register,httpx,site_page,html,1,77,high,site_source|untyped_mailbox|domain_match_related|sightings_1|risky,1,risky,45,stripe.com,75
stripe.com,54b31794a3ce46859fd23cc7c2902613@errors.stripe.com,https://dashboard.stripe.com/register,httpx,site_page,html,1,77,high,site_source|untyped_mailbox|domain_match_related|sightings_1|risky,1,risky,45,stripe.com,75
stripe.com,d1424aac74db465cabc28d6499be99ab@errors.stripe.com,https://dashboard.stripe.com/register,httpx,site_page,html,1,77,high,site_source|untyped_mailbox|domain_match_related|sightings_1|risky,1,risky,45,stripe.com,75
stripe.com,97ac7c5458104d77b54c247e957e769b@errors.stripe.com,https://dashboard.stripe.com/register,httpx,site_page,html,1,77,high,site_source|untyped_mailbox|domain_match_related|sightings_1|risky,1,risky,45,stripe.com,75
stripe.com,0c4ac0631939419ca2abd350a90b1127@errors.stripe.com,https://dashboard.stripe.com/register,httpx,site_page,html,1,77,high,site_source|untyped_mailbox|domain_match_related|sightings_1|risky,1,risky,45,stripe.com,75
stripe.com,ac9d2fe9c59a4db89377ab92a48e8ae6@errors.stripe.com,https://dashboard.stripe.com/register,httpx,site_page,html,1,77,high,site_source|untyped_mailbox|domain_match_related|sightings_1|risky,1,risky,45,stripe.com,75
stripe.com,977eccbe6fb74ef28bbdabf893974c73@errors.stripe.com,https://dashboard.stripe.com/register,httpx,site_page,html,1,77,high,site_source|untyped_mailbox|domain_match_related|sightings_1|risky,1,risky,45,stripe.com,75
stripe.com,f5346cc2fe88455e87dcaa9657e6eef5@errors.stripe.com,https://dashboard.stripe.com/register,httpx,site_page,html,1,77,high,site_source|untyped_mailbox|domain_match_related|sightings_1|risky,1,risky,45,stripe.com,75
stripe.com,a3030168ed0644bdadeef848b21d50c3@errors.stripe.com,https://dashboard.stripe.com/register,httpx,site_page,html,1,77,high,site_source|untyped_mailbox|domain_match_related|sightings_1|risky,1,risky,45,stripe.com,75
stripe.com,13e839ffd0144007adfbb5804799f857@errors.stripe.com,https://dashboard.stripe.com/register,httpx,site_page,html,1,77,high,site_source|untyped_mailbox|domain_match_related|sightings_1|risky,1,risky,45,stripe.com,75
stripe.com,c3956444efb84864a6b8983eafc12986@errors.stripe.com,https://dashboard.stripe.com/register,httpx,site_page,html,1,77,high,site_source|untyped_mailbox|domain_match_related|sightings_1|risky,1,risky,45,stripe.com,75
stripe.com,682ac19261e942e2936aa1f50297f61a@errors.stripe.com,https://dashboard.stripe.com/register,httpx,site_page,html,1,77,high,site_source|untyped_mailbox|domain_match_related|sightings_1|risky,1,risky,45,stripe.com,75
stripe.com,fc495bbeb492442bb6ceaa0c3d83b4af@errors.stripe.com,https://dashboard.stripe.com/register,httpx,site_page,html,1,77,high,site_source|untyped_mailbox|domain_match_related|sightings_1|risky,1,risky,45,stripe.com,75
stripe.com,7f4705e1001a42afa9b7f4cf48b0fa7d@errors.stripe.com,https://dashboard.stripe.com/register,httpx,site_page,html,1,77,high,site_source|untyped_mailbox|domain_match_related|sightings_1|risky,1,risky,45,stripe.com,75
stripe.com,63ba7ae545264498ab3bce45317f3812@errors.stripe.com,https://dashboard.stripe.com/register,httpx,site_page,html,1,77,high,site_source|untyped_mailbox|domain_match_related|sightings_1|risky,1,risky,45,stripe.com,75
stripe.com,e08e72e710c2480888311115dc63a796@errors.stripe.com,https://dashboard.stripe.com/register,httpx,site_page,html,1,77,high,site_source|untyped_mailbox|domain_match_related|sightings_1|risky,1,risky,45,stripe.com,75
stripe.com,09dad754aeb34a31b3abc4e54ded565a@errors.stripe.com,https://dashboard.stripe.com/register,httpx,site_page,html,1,77,high,site_source|untyped_mailbox|domain_match_related|sightings_1|risky,1,risky,45,stripe.com,75
stripe.com,e475f28ef2fd45caa5d288fe914ed01c@errors.stripe.com,https://dashboard.stripe.com/register,httpx,site_page,html,1,77,high,site_source|untyped_mailbox|domain_match_related|sightings_1|risky,1,risky,45,stripe.com,75
stripe.com,4eb42cf04a324ae2aff20bae1c38c10c@errors.stripe.com,https://dashboard.stripe.com/register,httpx,site_page,html,1,77,high,site_source|untyped_mailbox|domain_match_related|sightings_1|risky,1,risky,45,stripe.com,75
stripe.com,ee792601970a46128bd790f8241555d5@errors.stripe.com,https://dashboard.stripe.com/register,httpx,site_page,html,1,77,high,site_source|untyped_mailbox|domain_match_related|sightings_1|risky,1,risky,45,stripe.com,75
stripe.com,d82d949917e045378076f08c603358c0@errors.stripe.com,https://dashboard.stripe.com/register,httpx,site_page,html,1,77,high,site_source|untyped_mailbox|domain_match_related|sightings_1|risky,1,risky,45,stripe.com,75
stripe.com,694282a802e74e12b9941626c3cab57d@errors.stripe.com,https://dashboard.stripe.com/register,httpx,site_page,html,1,77,high,site_source|untyped_mailbox|domain_match_related|sightings_1|risky,1,risky,45,stripe.com,75
stripe.com,273625c445584107afe6f3f4e7ee6e34@errors.stripe.com,https://dashboard.stripe.com/register,httpx,site_page,html,1,77,high,site_source|untyped_mailbox|domain_match_related|sightings_1|risky,1,risky,45,stripe.com,75
stripe.com,db1c0cd7bbb242058f92cfb8d52ec64e@errors.stripe.com,https://dashboard.stripe.com/register,httpx,site_page,html,1,77,high,site_source|untyped_mailbox|domain_match_related|sightings_1|risky,1,risky,45,stripe.com,75
stripe.com,0e28b3940ca2434e92292bd95f5e553e@errors.stripe.com,https://dashboard.stripe.com/register,httpx,site_page,html,1,77,high,site_source|untyped_mailbox|domain_match_related|sightings_1|risky,1,risky,45,stripe.com,75
stripe.com,42f2479e337a413eb6cbac14525b7ca1@errors.stripe.com,https://dashboard.stripe.com/register,httpx,site_page,html,1,77,high,site_source|untyped_mailbox|domain_match_related|sightings_1|risky,1,risky,45,stripe.com,75
stripe.com,33eb771e85494684a8bb9c2c887f8e31@errors.stripe.com,https://dashboard.stripe.com/register,httpx,site_page,html,1,77,high,site_source|untyped_mailbox|domain_match_related|sightings_1|risky,1,risky,45,stripe.com,75
stripe.com,2b29d01f07914fcbb966520d585e604a@errors.stripe.com,https://dashboard.stripe.com/register,httpx,site_page,html,1,77,high,site_source|untyped_mailbox|domain_match_related|sightings_1|risky,1,risky,45,stripe.com,75
stripe.com,eb9613ca675a4ee6ac6e4c56b5149d25@errors.stripe.com,https://dashboard.stripe.com/register,httpx,site_page,html,1,77,high,site_source|untyped_mailbox|domain_match_related|sightings_1|risky,1,risky,45,stripe.com,75
stripe.com,26cca81238e34413950d6376a33a3f38@errors.stripe.com,https://dashboard.stripe.com/register,httpx,site_page,html,1,77,high,site_source|untyped_mailbox|domain_match_related|sightings_1|risky,1,risky,45,stripe.com,75
stripe.com,d944aeac037e4cbe9630694ef8cc7509@errors.stripe.com,https://dashboard.stripe.com/register,httpx,site_page,html,1,77,high,site_source|untyped_mailbox|domain_match_related|sightings_1|risky,1,risky,45,stripe.com,75
stripe.com,0c5aa058189647ed82f10d886bea221e@errors.stripe.com,https://dashboard.stripe.com/register,httpx,site_page,html,1,77,high,site_source|untyped_mailbox|domain_match_related|sightings_1|risky,1,risky,45,stripe.com,75
stripe.com,0b71277a8d5a483492d6e86c1e143e62@errors.stripe.com,https://dashboard.stripe.com/register,httpx,site_page,html,1,77,high,site_source|untyped_mailbox|domain_match_related|sightings_1|risky,1,risky,45,stripe.com,75
stripe.com,a3d1f19fadbb4e4cad1e73428f558ad9@errors.stripe.com,https://dashboard.stripe.com/register,httpx,site_page,html,1,77,high,site_source|untyped_mailbox|domain_match_related|sightings_1|risky,1,risky,45,stripe.com,75
stripe.com,2d73b2b70bd842eaa18d166199ad25b0@errors.stripe.com,https://dashboard.stripe.com/register,httpx,site_page,html,1,77,high,site_source|untyped_mailbox|domain_match_related|sightings_1|risky,1,risky,45,stripe.com,75
stripe.com,910d084a643a4d36bfd388fedf7e80e1@errors.stripe.com,https://dashboard.stripe.com/register,httpx,site_page,html,1,77,high,site_source|untyped_mailbox|domain_match_related|sightings_1|risky,1,risky,45,stripe.com,75
stripe.com,b671129843ac4c7c821fdd514fac3fe4@errors.stripe.com,https://dashboard.stripe.com/register,httpx,site_page,html,1,77,high,site_source|untyped_mailbox|domain_match_related|sightings_1|risky,1,risky,45,stripe.com,75
stripe.com,59a955eed23549a1a0df6c9ddbbf7208@errors.stripe.com,https://dashboard.stripe.com/register,httpx,site_page,html,1,77,high,site_source|untyped_mailbox|domain_match_related|sightings_1|risky,1,risky,45,stripe.com,75
stripe.com,7cd38b0eb2b348b39a6002cc768f91c7@errors.stripe.com,https://dashboard.stripe.com/register,httpx,site_page,html,1,77,high,site_source|untyped_mailbox|domain_match_related|sightings_1|risky,1,risky,45,stripe.com,75
stripe.com,ddf451afdc8642aca977fe608a74cd2a@errors.stripe.com,https://dashboard.stripe.com/register,httpx,site_page,html,1,77,high,site_source|untyped_mailbox|domain_match_related|sightings_1|risky,1,risky,45,stripe.com,75
stripe.com,6c740c09333447b3b54feb2673b72ab9@errors.stripe.com,https://dashboard.stripe.com/register,httpx,site_page,html,1,77,high,site_source|untyped_mailbox|domain_match_related|sightings_1|risky,1,risky,45,stripe.com,75
stripe.com,22b2df76492c4ea1a55e8a9b28c1929f@errors.stripe.com,https://dashboard.stripe.com/register,httpx,site_page,html,1,77,high,site_source|untyped_mailbox|domain_match_related|sightings_1|risky,1,risky,45,stripe.com,75
stripe.com,801b894b0f404f19b29378295ac67ebe@errors.stripe.com,https://dashboard.stripe.com/register,httpx,site_page,html,1,77,high,site_source|untyped_mailbox|domain_match_related|sightings_1|risky,1,risky,45,stripe.com,75
stripe.com,5c51d02c322e458b83fb6d93d0ad14b8@errors.stripe.com,https://dashboard.stripe.com/register,httpx,site_page,html,1,77,high,site_source|untyped_mailbox|domain_match_related|sightings_1|risky,1,risky,45,stripe.com,75
stripe.com,17876c4e9bbf4718a027a85633feb4fb@errors.stripe.com,https://dashboard.stripe.com/register,httpx,site_page,html,1,77,high,site_source|untyped_mailbox|domain_match_related|sightings_1|risky,1,risky,45,stripe.com,75
stripe.com,6d8c4b388926455c8525989a3dd634e4@errors.stripe.com,https://dashboard.stripe.com/register,httpx,site_page,html,1,77,high,site_source|untyped_mailbox|domain_match_related|sightings_1|risky,1,risky,45,stripe.com,75
stripe.com,9f032453574046c2afe169f3d612cb1e@errors.stripe.com,https://dashboard.stripe.com/register,httpx,site_page,html,1,77,high,site_source|untyped_mailbox|domain_match_related|sightings_1|risky,1,risky,45,stripe.com,75
stripe.com,52003442c2d34da2a0225451063f0ee4@errors.stripe.com,https://dashboard.stripe.com/register,httpx,site_page,html,1,77,high,site_source|untyped_mailbox|domain_match_related|sightings_1|risky,1,risky,45,stripe.com,75
stripe.com,b891982918bc46fabec76c8ad8d5cfd1@errors.stripe.com,https://dashboard.stripe.com/register,httpx,site_page,html,1,77,high,site_source|untyped_mailbox|domain_match_related|sightings_1|risky,1,risky,45,stripe.com,75
stripe.com,8783aac8c69e4b2cac14b81cd8b07e75@errors.stripe.com,https://dashboard.stripe.com/register,httpx,site_page,html,1,77,high,site_source|untyped_mailbox|domain_match_related|sightings_1|risky,1,risky,45,stripe.com,75
stripe.com,957486fdf662445aa2d6ee03ae883a56@errors.stripe.com,https://dashboard.stripe.com/register,httpx,site_page,html,1,77,high,site_source|untyped_mailbox|domain_match_related|sightings_1|risky,1,risky,45,stripe.com,75
stripe.com,47a7a24fb8454d17b697de3cac3fc7de@errors.stripe.com,https://dashboard.stripe.com/register,httpx,site_page,html,1,77,high,site_source|untyped_mailbox|domain_match_related|sightings_1|risky,1,risky,45,stripe.com,75
stripe.com,9f36849043c14dfb9e952c9326ca15aa@errors.stripe.com,https://dashboard.stripe.com/register,httpx,site_page,html,1,77,high,site_source|untyped_mailbox|domain_match_related|sightings_1|risky,1,risky,45,stripe.com,75
stripe.com,fe921ccba9b040959388b77596d94da6@errors.stripe.com,https://dashboard.stripe.com/register,httpx,site_page,html,1,77,high,site_source|untyped_mailbox|domain_match_related|sightings_1|risky,1,risky,45,stripe.com,75
stripe.com,cd380f7fde8e44f8a860e1948ddd676b@errors.stripe.com,https://dashboard.stripe.com/register,httpx,site_page,html,1,77,high,site_source|untyped_mailbox|domain_match_related|sightings_1|risky,1,risky,45,stripe.com,75
stripe.com,7263d3e1f08846a6a9c3f41c4438aa7d@errors.stripe.com,https://dashboard.stripe.com/register,httpx,site_page,html,1,77,high,site_source|untyped_mailbox|domain_match_related|sightings_1|risky,1,risky,45,stripe.com,75
stripe.com,7355665ad86b4d94b0b3b213b4d8f008@errors.stripe.com,https://dashboard.stripe.com/register,httpx,site_page,html,1,77,high,site_source|untyped_mailbox|domain_match_related|sightings_1|risky,1,risky,45,stripe.com,75
stripe.com,70f94833ac534acd93fbbb994c999e52@errors.stripe.com,https://dashboard.stripe.com/register,httpx,site_page,html,1,77,high,site_source|untyped_mailbox|domain_match_related|sightings_1|risky,1,risky,45,stripe.com,75
stripe.com,38f9ed4b12734eb48af7500e01285106@errors.stripe.com,https://dashboard.stripe.com/register,httpx,site_page,html,1,77,high,site_source|untyped_mailbox|domain_match_related|sightings_1|risky,1,risky,45,stripe.com,75
stripe.com,cf1aeb9d04024298ad10dd8ec40521f6@errors.stripe.com,https://dashboard.stripe.com/register,httpx,site_page,html,1,77,high,site_source|untyped_mailbox|domain_match_related|sightings_1|risky,1,risky,45,stripe.com,75
stripe.com,737bd75d8ebf4fb3ba77a3abec1c45a8@errors.stripe.com,https://dashboard.stripe.com/register,httpx,site_page,html,1,77,high,site_source|untyped_mailbox|domain_match_related|sightings_1|risky,1,risky,45,stripe.com,75
stripe.com,ce5799d4138249e1864511e3d7332943@errors.stripe.com,https://dashboard.stripe.com/register,httpx,site_page,html,1,77,high,site_source|untyped_mailbox|domain_match_related|sightings_1|risky,1,risky,45,stripe.com,75
stripe.com,1b2467f85b404ec08fb2d413214d3fd5@errors.stripe.com,https://dashboard.stripe.com/register,httpx,site_page,html,1,77,high,site_source|untyped_mailbox|domain_match_related|sightings_1|risky,1,risky,45,stripe.com,75
stripe.com,eab317191c9d40ac87f5cc49cb92821d@errors.stripe.com,https://dashboard.stripe.com/register,httpx,site_page,html,1,77,high,site_source|untyped_mailbox|domain_match_related|sightings_1|risky,1,risky,45,stripe.com,75
stripe.com,c3c2676aa915471cbd5f5c284bba8f4e@errors.stripe.com,https://dashboard.stripe.com/register,httpx,site_page,html,1,77,high,site_source|untyped_mailbox|domain_match_related|sightings_1|risky,1,risky,45,stripe.com,75
stripe.com,dde1fe8313814471afd92219fa988740@errors.stripe.com,https://dashboard.stripe.com/register,httpx,site_page,html,1,77,high,site_source|untyped_mailbox|domain_match_related|sightings_1|risky,1,risky,45,stripe.com,75
stripe.com,cb5ac50fd9a44be5a812da66a8cf66c3@errors.stripe.com,https://dashboard.stripe.com/register,httpx,site_page,html,1,77,high,site_source|untyped_mailbox|domain_match_related|sightings_1|risky,1,risky,45,stripe.com,75
stripe.com,06c9f1c2a35345b3be0a22276e35776c@errors.stripe.com,https://dashboard.stripe.com/register,httpx,site_page,html,1,77,high,site_source|untyped_mailbox|domain_match_related|sightings_1|risky,1,risky,45,stripe.com,75
stripe.com,838bee49f7e141de91b0491a160227b4@errors.stripe.com,https://dashboard.stripe.com/register,httpx,site_page,html,1,77,high,site_source|untyped_mailbox|domain_match_related|sightings_1|risky,1,risky,45,stripe.com,75
stripe.com,a815a170bf5a422d865dd7dbd1ce66fa@errors.stripe.com,https://dashboard.stripe.com/register,httpx,site_page,html,1,77,high,site_source|untyped_mailbox|domain_match_related|sightings_1|risky,1,risky,45,stripe.com,75
stripe.com,38f7c50ce1ba495291d97fd64165f8c0@errors.stripe.com,https://dashboard.stripe.com/register,httpx,site_page,html,1,77,high,site_source|untyped_mailbox|domain_match_related|sightings_1|risky,1,risky,45,stripe.com,75
stripe.com,161871b49c6b4a82bc3ef00ff4274e9a@errors.stripe.com,https://dashboard.stripe.com/register,httpx,site_page,html,1,77,high,site_source|untyped_mailbox|domain_match_related|sightings_1|risky,1,risky,45,stripe.com,75
stripe.com,15dd446d8233490a818d900305db8b4f@errors.stripe.com,https://dashboard.stripe.com/register,httpx,site_page,html,1,77,high,site_source|untyped_mailbox|domain_match_related|sightings_1|risky,1,risky,45,stripe.com,75
stripe.com,4ebed70c9c954ef3bf2bba7062839de3@errors.stripe.com,https://dashboard.stripe.com/register,httpx,site_page,html,1,77,high,site_source|untyped_mailbox|domain_match_related|sightings_1|risky,1,risky,45,stripe.com,75
stripe.com,2225b2409b274ba28f86dd1500df9b80@errors.stripe.com,https://dashboard.stripe.com/register,httpx,site_page,html,1,77,high,site_source|untyped_mailbox|domain_match_related|sightings_1|risky,1,risky,45,stripe.com,75
stripe.com,d991a6196b224ee89aac47a1ba5684b4@errors.stripe.com,https://dashboard.stripe.com/register,httpx,site_page,html,1,77,high,site_source|untyped_mailbox|domain_match_related|sightings_1|risky,1,risky,45,stripe.com,75
stripe.com,54e0da85c05c40da871f41af630b79ae@errors.stripe.com,https://dashboard.stripe.com/register,httpx,site_page,html,1,77,high,site_source|untyped_mailbox|domain_match_related|sightings_1|risky,1,risky,45,stripe.com,75
stripe.com,95c8e16bf0f34b5ba06797e1812fdf8c@errors.stripe.com,https://dashboard.stripe.com/register,httpx,site_page,html,1,77,high,site_source|untyped_mailbox|domain_match_related|sightings_1|risky,1,risky,45,stripe.com,75
stripe.com,4f9ce45310104893af0cb73a790b7771@errors.stripe.com,https://dashboard.stripe.com/register,httpx,site_page,html,1,77,high,site_source|untyped_mailbox|domain_match_related|sightings_1|risky,1,risky,45,stripe.com,75
stripe.com,d6c4044bb3a446c88d8f9949656a65fb@errors.stripe.com,https://dashboard.stripe.com/register,httpx,site_page,html,1,77,high,site_source|untyped_mailbox|domain_match_related|sightings_1|risky,1,risky,45,stripe.com,75
stripe.com,cf91f36bd8414f1e9b9e0dd96afe9c0d@errors.stripe.com,https://dashboard.stripe.com/register,httpx,site_page,html,1,77,high,site_source|untyped_mailbox|domain_match_related|sightings_1|risky,1,risky,45,stripe.com,75
stripe.com,34f0f25db48249ccbd827d95af86d6d4@errors.stripe.com,https://dashboard.stripe.com/register,httpx,site_page,html,1,77,high,site_source|untyped_mailbox|domain_match_related|sightings_1|risky,1,risky,45,stripe.com,75
stripe.com,8ecfcdc4439c49d599927d6a809884f2@errors.stripe.com,https://dashboard.stripe.com/register,httpx,site_page,html,1,77,high,site_source|untyped_mailbox|domain_match_related|sightings_1|risky,1,risky,45,stripe.com,75
stripe.com,1f9349c7926d4dafa20cbd130a37c58d@errors.stripe.com,https://dashboard.stripe.com/register,httpx,site_page,html,1,77,high,site_source|untyped_mailbox|domain_match_related|sightings_1|risky,1,risky,45,stripe.com,75
stripe.com,e66886748d81458d81141a7b67473194@errors.stripe.com,https://dashboard.stripe.com/register,httpx,site_page,html,1,77,high,site_source|untyped_mailbox|domain_match_related|sightings_1|risky,1,risky,45,stripe.com,75
stripe.com,ded7908c7e664d88a9c9479e2cd1ffee@errors.stripe.com,https://dashboard.stripe.com/register,httpx,site_page,html,1,77,high,site_source|untyped_mailbox|domain_match_related|sightings_1|risky,1,risky,45,stripe.com,75
stripe.com,66e09dc56b844d8590a748f8ad4431db@errors.stripe.com,https://dashboard.stripe.com/register,httpx,site_page,html,1,77,high,site_source|untyped_mailbox|domain_match_related|sightings_1|risky,1,risky,45,stripe.com,75
stripe.com,70c42dfa29964407b196e0220a47ae0c@errors.stripe.com,https://dashboard.stripe.com/register,httpx,site_page,html,1,77,high,site_source|untyped_mailbox|domain_match_related|sightings_1|risky,1,risky,45,stripe.com,75
stripe.com,c8fa7674062742248d275fd1e28a9d6f@errors.stripe.com,https://dashboard.stripe.com/register,httpx,site_page,html,1,77,high,site_source|untyped_mailbox|domain_match_related|sightings_1|risky,1,risky,45,stripe.com,75
stripe.com,09f5ebdd1f874607b44ee438903b06f6@errors.stripe.com,https://dashboard.stripe.com/register,httpx,site_page,html,1,77,high,site_source|untyped_mailbox|domain_match_related|sightings_1|risky,1,risky,45,stripe.com,75
stripe.com,2c40147a695b4f84b4897fb4d26c1852@errors.stripe.com,https://dashboard.stripe.com/register,httpx,site_page,html,1,77,high,site_source|untyped_mailbox|domain_match_related|sightings_1|risky,1,risky,45,stripe.com,75
stripe.com,300cbe5f5a87406499d8bcaf19be46fe@errors.stripe.com,https://dashboard.stripe.com/register,httpx,site_page,html,1,77,high,site_source|untyped_mailbox|domain_match_related|sightings_1|risky,1,risky,45,stripe.com,75
stripe.com,f3e0a2437d0247fabf6ce23ab0ea5f9d@errors.stripe.com,https://dashboard.stripe.com/register,httpx,site_page,html,1,77,high,site_source|untyped_mailbox|domain_match_related|sightings_1|risky,1,risky,45,stripe.com,75
stripe.com,113cc96c3e7246a5880a227a3e4c1dc4@errors.stripe.com,https://dashboard.stripe.com/register,httpx,site_page,html,1,77,high,site_source|untyped_mailbox|domain_match_related|sightings_1|risky,1,risky,45,stripe.com,75
stripe.com,40278c88f4fd4265b3f2b995ec391b79@errors.stripe.com,https://dashboard.stripe.com/register,httpx,site_page,html,1,77,high,site_source|untyped_mailbox|domain_match_related|sightings_1|risky,1,risky,45,stripe.com,75
stripe.com,923b82b6e2d04b85b12ae6cac9a1cb99@errors.stripe.com,https://dashboard.stripe.com/register,httpx,site_page,html,1,77,high,site_source|untyped_mailbox|domain_match_related|sightings_1|risky,1,risky,45,stripe.com,75
stripe.com,3805692039e34488b6bd32497fd5c57f@errors.stripe.com,https://dashboard.stripe.com/register,httpx,site_page,html,1,77,high,site_source|untyped_mailbox|domain_match_related|sightings_1|risky,1,risky,45,stripe.com,75
stripe.com,39be38307a394b2180a1312ef7d90c7c@errors.stripe.com,https://dashboard.stripe.com/register,httpx,site_page,html,1,77,high,site_source|untyped_mailbox|domain_match_related|sightings_1|risky,1,risky,45,stripe.com,75
stripe.com,28219678049240a7b5ccd5c4fa8075fe@errors.stripe.com,https://dashboard.stripe.com/register,httpx,site_page,html,1,77,high,site_source|untyped_mailbox|domain_match_related|sightings_1|risky,1,risky,45,stripe.com,75
stripe.com,be026700a7b946e9b616aedbb9e28272@errors.stripe.com,https://dashboard.stripe.com/register,httpx,site_page,html,1,77,high,site_source|untyped_mailbox|domain_match_related|sightings_1|risky,1,risky,45,stripe.com,75
stripe.com,a18a556780ca4aa58b976e8f28124586@errors.stripe.com,https://dashboard.stripe.com/register,httpx,site_page,html,1,77,high,site_source|untyped_mailbox|domain_match_related|sightings_1|risky,1,risky,45,stripe.com,75
stripe.com,3d5aad545ee9435ea29a502551c9f507@errors.stripe.com,https://dashboard.stripe.com/register,httpx,site_page,html,1,77,high,site_source|untyped_mailbox|domain_match_related|sightings_1|risky,1,risky,45,stripe.com,75
stripe.com,88dbb7aeb7844faf8367b124be618a37@errors.stripe.com,https://dashboard.stripe.com/register,httpx,site_page,html,1,77,high,site_source|untyped_mailbox|domain_match_related|sightings_1|risky,1,risky,45,stripe.com,75
stripe.com,a449e09eb5cc4de18986c8005baecfcd@errors.stripe.com,https://dashboard.stripe.com/register,httpx,site_page,html,1,77,high,site_source|untyped_mailbox|domain_match_related|sightings_1|risky,1,risky,45,stripe.com,75
stripe.com,23ce123c52924801ab09b583f7209cb3@errors.stripe.com,https://dashboard.stripe.com/register,httpx,site_page,html,1,77,high,site_source|untyped_mailbox|domain_match_related|sightings_1|risky,1,risky,45,stripe.com,75
stripe.com,963bd728df6c4ae69269d683671d473a@errors.stripe.com,https://dashboard.stripe.com/register,httpx,site_page,html,1,77,high,site_source|untyped_mailbox|domain_match_related|sightings_1|risky,1,risky,45,stripe.com,75
stripe.com,bca2f0bb8b104088950e90801cf2bfcc@errors.stripe.com,https://dashboard.stripe.com/register,httpx,site_page,html,1,77,high,site_source|untyped_mailbox|domain_match_related|sightings_1|risky,1,risky,45,stripe.com,75
stripe.com,eb135d689b6342c1bad59ba246061992@errors.stripe.com,https://dashboard.stripe.com/register,httpx,site_page,html,1,77,high,site_source|untyped_mailbox|domain_match_related|sightings_1|risky,1,risky,45,stripe.com,75
stripe.com,fc571ef27f434db884b4ed4788eb5049@errors.stripe.com,https://dashboard.stripe.com/register,httpx,site_page,html,1,77,high,site_source|untyped_mailbox|domain_match_related|sightings_1|risky,1,risky,45,stripe.com,75
stripe.com,492dd2ade9a948b4aa90a443eda4d5e8@errors.stripe.com,https://dashboard.stripe.com/register,httpx,site_page,html,1,77,high,site_source|untyped_mailbox|domain_match_related|sightings_1|risky,1,risky,45,stripe.com,75
stripe.com,a0a5b3e6125a4bfdba71d5b47b9e150a@errors.stripe.com,https://dashboard.stripe.com/register,httpx,site_page,html,1,77,high,site_source|untyped_mailbox|domain_match_related|sightings_1|risky,1,risky,45,stripe.com,75
stripe.com,9572965959d64c91b114e33e8aa68f28@errors.stripe.com,https://dashboard.stripe.com/register,httpx,site_page,html,1,77,high,site_source|untyped_mailbox|domain_match_related|sightings_1|risky,1,risky,45,stripe.com,75
stripe.com,3cac7d974a824faaa160f28c9cf541d2@errors.stripe.com,https://dashboard.stripe.com/register,httpx,site_page,html,1,77,high,site_source|untyped_mailbox|domain_match_related|sightings_1|risky,1,risky,45,stripe.com,75
stripe.com,11acb16eab7e46e9a53610fbd169a41a@errors.stripe.com,https://dashboard.stripe.com/register,httpx,site_page,html,1,77,high,site_source|untyped_mailbox|domain_match_related|sightings_1|risky,1,risky,45,stripe.com,75
stripe.com,7ca8fc86e50c4ff999d8e320d8c4b549@errors.stripe.com,https://dashboard.stripe.com/register,httpx,site_page,html,1,77,high,site_source|untyped_mailbox|domain_match_related|sightings_1|risky,1,risky,45,stripe.com,75
stripe.com,56b732eb0a654235a0288fb268ede0c8@errors.stripe.com,https://dashboard.stripe.com/register,httpx,site_page,html,1,77,high,site_source|untyped_mailbox|domain_match_related|sightings_1|risky,1,risky,45,stripe.com,75
stripe.com,f00798cb67654093bf4cc55c3e59ee0a@errors.stripe.com,https://dashboard.stripe.com/register,httpx,site_page,html,1,77,high,site_source|untyped_mailbox|domain_match_related|sightings_1|risky,1,risky,45,stripe.com,75
stripe.com,53cfd2f1bd3a4256acccb38ed4d239d4@errors.stripe.com,https://dashboard.stripe.com/register,httpx,site_page,html,1,77,high,site_source|untyped_mailbox|domain_match_related|sightings_1|risky,1,risky,45,stripe.com,75
stripe.com,aaeadd8043ff4c3582110d33cbbc7d97@errors.stripe.com,https://dashboard.stripe.com/register,httpx,site_page,html,1,77,high,site_source|untyped_mailbox|domain_match_related|sightings_1|risky,1,risky,45,stripe.com,75
stripe.com,a12ec9d846bd4baaa885ec6445994c38@errors.stripe.com,https://dashboard.stripe.com/register,httpx,site_page,html,1,77,high,site_source|untyped_mailbox|domain_match_related|sightings_1|risky,1,risky,45,stripe.com,75
stripe.com,c6862f7d5b634e9ab79171eaa0fc4831@errors.stripe.com,https://dashboard.stripe.com/register,httpx,site_page,html,1,77,high,site_source|untyped_mailbox|domain_match_related|sightings_1|risky,1,risky,45,stripe.com,75
stripe.com,38fdb8172a7b48a0b1e64dcc7f199890@errors.stripe.com,https://dashboard.stripe.com/register,httpx,site_page,html,1,77,high,site_source|untyped_mailbox|domain_match_related|sightings_1|risky,1,risky,45,stripe.com,75
stripe.com,54ab99b2d16b4b0aa66cd99912cf864b@errors.stripe.com,https://dashboard.stripe.com/register,httpx,site_page,html,1,77,high,site_source|untyped_mailbox|domain_match_related|sightings_1|risky,1,risky,45,stripe.com,75
stripe.com,73d5962fcd484f68842122198d83a95a@errors.stripe.com,https://dashboard.stripe.com/register,httpx,site_page,html,1,77,high,site_source|untyped_mailbox|domain_match_related|sightings_1|risky,1,risky,45,stripe.com,75
stripe.com,60edf2f9762d4eccaa3a55d69b0d9c8c@errors.stripe.com,https://dashboard.stripe.com/register,httpx,site_page,html,1,77,high,site_source|untyped_mailbox|domain_match_related|sightings_1|risky,1,risky,45,stripe.com,75
stripe.com,ef8901dcf67748f5ab626b9da4ab9233@errors.stripe.com,https://dashboard.stripe.com/register,httpx,site_page,html,1,77,high,site_source|untyped_mailbox|domain_match_related|sightings_1|risky,1,risky,45,stripe.com,75
stripe.com,ab6a9153be1d414b8f0904910ec775fd@errors.stripe.com,https://dashboard.stripe.com/register,httpx,site_page,html,1,77,high,site_source|untyped_mailbox|domain_match_related|sightings_1|risky,1,risky,45,stripe.com,75
stripe.com,3ef4394ed6624eb186b8496324ea194a@errors.stripe.com,https://dashboard.stripe.com/register,httpx,site_page,html,1,77,high,site_source|untyped_mailbox|domain_match_related|sightings_1|risky,1,risky,45,stripe.com,75
stripe.com,0b7dbfcaa5fe4f809ffa03e65619ab41@errors.stripe.com,https://dashboard.stripe.com/register,httpx,site_page,html,1,77,high,site_source|untyped_mailbox|domain_match_related|sightings_1|risky,1,risky,45,stripe.com,75
stripe.com,19c0a0e8945f4700a0e43cc7ccf8e797@errors.stripe.com,https://dashboard.stripe.com/register,httpx,site_page,html,1,77,high,site_source|untyped_mailbox|domain_match_related|sightings_1|risky,1,risky,45,stripe.com,75
stripe.com,bbd02a33bcb548f7845a602c69989383@errors.stripe.com,https://dashboard.stripe.com/register,httpx,site_page,html,1,77,high,site_source|untyped_mailbox|domain_match_related|sightings_1|risky,1,risky,45,stripe.com,75
stripe.com,c71463abec8c4221a4b39d327ee64bfc@errors.stripe.com,https://dashboard.stripe.com/register,httpx,site_page,html,1,77,high,site_source|untyped_mailbox|domain_match_related|sightings_1|risky,1,risky,45,stripe.com,75
stripe.com,964ec2d16dde4a4592bdd491dc1f343e@errors.stripe.com,https://dashboard.stripe.com/register,httpx,site_page,html,1,77,high,site_source|untyped_mailbox|domain_match_related|sightings_1|risky,1,risky,45,stripe.com,75
notion.com,team@makenotion.com,https://www.notion.com/security,httpx,site_page,mailto,1,96,high,site_source|useful_mailbox|domain_mismatch|sightings_2|verified,2,verified,90,notion.com,40
notion.com,startup-partners@makenotion.com,https://www.notion.com/startups,httpx,site_page,mailto,1,82,high,site_source|untyped_mailbox|domain_mismatch|sightings_1|verified,1,verified,90,notion.com,40
notion.com,error-lite@duckduckgo.com,https://duckduckgo.com/html/?q=site%3Anotion.com+%22%40notion.com%22,osint,search_snippet,snippet_regex,0,80,high,osint_source|untyped_mailbox|domain_mismatch|sightings_3|verified,3,verified,90,notion.com,40
airtable.com,sales@airtable.com,https://www.airtable.com/company/trust-and-security,httpx,site_page,mailto,1,100,high,site_source|useful_mailbox|domain_match_exact|sightings_1|verified,1,verified,90,airtable.com,90
airtable.com,security@airtable.com,https://www.airtable.com/company/trust-and-security,httpx,site_page,mailto,1,100,high,site_source|untyped_mailbox|domain_match_exact|sightings_1|verified,1,verified,90,airtable.com,90
airtable.com,privacy@airtable.com,https://www.airtable.com/company/privacy,httpx,site_page,mailto,1,100,high,site_source|untyped_mailbox|domain_match_exact|sightings_2|verified,2,verified,90,airtable.com,90
airtable.com,list-accessibility@airtable.com,https://www.airtable.com/company/accessibility,httpx,site_page,mailto,1,100,high,site_source|untyped_mailbox|domain_match_exact|sightings_1|verified,1,verified,90,airtable.com,90
airtable.com,airtableeurep@mhc.ie,https://www.airtable.com/company/privacy,httpx,site_page,html,1,82,high,site_source|untyped_mailbox|domain_mismatch|sightings_1|verified,1,verified,90,airtable.com,40
airtable.com,airtableukrep@mhcldn.com,https://www.airtable.com/company/privacy,httpx,site_page,html,1,82,high,site_source|untyped_mailbox|domain_mismatch|sightings_1|verified,1,verified,90,airtable.com,40
airtable.com,nairtableeurep@mhc.ie,https://www.airtable.com/company/privacy,httpx,site_page,html,1,82,high,site_source|untyped_mailbox|domain_mismatch|sightings_1|verified,1,verified,90,airtable.com,40
airtable.com,nairtableukrep@mhcldn.com,https://www.airtable.com/company/privacy,httpx,site_page,html,1,82,high,site_source|untyped_mailbox|domain_mismatch|sightings_1|verified,1,verified,90,airtable.com,40
airtable.com,error-lite@duckduckgo.com,https://duckduckgo.com/html/?q=site%3Aairtable.com+%22%40airtable.com%22,osint,search_snippet,snippet_regex,0,80,high,osint_source|untyped_mailbox|domain_mismatch|sightings_3|verified,3,verified,90,airtable.com,40
airtable.com,platformoverview-bg-3000x970@1x.webm,https://www.airtable.com/platform,httpx,site_page,html,1,59,medium,site_source|untyped_mailbox|domain_mismatch|sightings_1|risky,1,risky,45,airtable.com,40
airtable.com,platformoverview-solid-1650x1920@1x.webm,https://www.airtable.com/platform,httpx,site_page,html,1,59,medium,site_source|untyped_mailbox|domain_mismatch|sightings_1|risky,1,risky,45,airtable.com,40
vercel.com,privacy@vercel.com,https://vercel.com/legal/privacy-policy,httpx,site_page,mailto,1,100,high,site_source|untyped_mailbox|domain_match_exact|sightings_1|verified,1,verified,90,vercel.com,90
vercel.com,error-lite@duckduckgo.com,https://duckduckgo.com/html/?q=site%3Avercel.com+%22%40vercel.com%22,osint,search_snippet,snippet_regex,0,80,high,osint_source|untyped_mailbox|domain_mismatch|sightings_3|verified,3,verified,90,vercel.com,40
cal.com,support@cal.com,https://cal.com/,httpx,site_page,cf_obfuscated,0,100,high,site_source|useful_mailbox|domain_match_exact|sightings_20|verified,20,verified,90,cal.com,90
cal.com,privacy@cal.com,https://cal.com/privacy,httpx,site_page,cf_obfuscated,1,100,high,site_source|untyped_mailbox|domain_match_exact|sightings_1|verified,1,verified,90,cal.com,90
cal.com,legal@cal.com,https://cal.com/privacy,httpx,site_page,html,1,100,high,site_source|untyped_mailbox|domain_match_exact|sightings_1|verified,1,verified,90,cal.com,90
cal.com,legal+eu@cal.com,https://cal.com/privacy,httpx,site_page,html,1,100,high,site_source|untyped_mailbox|domain_match_exact|sightings_1|verified,1,verified,90,cal.com,90
cal.com,dmca@cal.com,https://cal.com/terms,httpx,site_page,html,1,100,high,site_source|untyped_mailbox|domain_match_exact|sightings_1|verified,1,verified,90,cal.com,90
cal.com,help@cal.com,https://app.cal.com/apps,httpx,site_page,html,1,100,high,site_source|untyped_mailbox|domain_match_exact|sightings_1|verified,1,verified,90,cal.com,90
cal.com,support@blacklemon.dk,https://app.cal.com/apps,httpx,site_page,html,1,92,high,site_source|useful_mailbox|domain_mismatch|sightings_1|verified,1,verified,90,cal.com,40
cal.com,support@lyra.so,https://app.cal.com/apps,httpx,site_page,html,1,92,high,site_source|useful_mailbox|domain_mismatch|sightings_1|verified,1,verified,90,cal.com,40
cal.com,support@getalby.com,https://app.cal.com/apps,httpx,site_page,html,1,92,high,site_source|useful_mailbox|domain_mismatch|sightings_1|verified,1,verified,90,cal.com,40
cal.com,support@shimmer.care,https://app.cal.com/apps,httpx,site_page,html,1,92,high,site_source|useful_mailbox|domain_mismatch|sightings_1|verified,1,verified,90,cal.com,40
cal.com,support@ping.gg,https://app.cal.com/apps,httpx,site_page,html,1,92,high,site_source|useful_mailbox|domain_mismatch|sightings_1|verified,1,verified,90,cal.com,40
cal.com,support@deel.com,https://app.cal.com/apps,httpx,site_page,html,1,92,high,site_source|useful_mailbox|domain_mismatch|sightings_1|verified,1,verified,90,cal.com,40
cal.com,support@ro.am,https://app.cal.com/apps,httpx,site_page,html,1,92,high,site_source|useful_mailbox|domain_mismatch|sightings_1|verified,1,verified,90,cal.com,40
cal.com,founders@telli.so,https://app.cal.com/apps,httpx,site_page,html,1,92,high,site_source|useful_mailbox|domain_mismatch|sightings_1|verified,1,verified,90,cal.com,40
cal.com,support@huddle01.com,https://app.cal.com/apps,httpx,site_page,html,1,92,high,site_source|useful_mailbox|domain_mismatch|sightings_1|verified,1,verified,90,cal.com,40
cal.com,support@hit-pay.com,https://app.cal.com/apps,httpx,site_page,html,1,92,high,site_source|useful_mailbox|domain_mismatch|sightings_1|verified,1,verified,90,cal.com,40
cal.com,support@elevenlabs.io,https://app.cal.com/apps,httpx,site_page,html,1,92,high,site_source|useful_mailbox|domain_mismatch|sightings_1|verified,1,verified,90,cal.com,40
cal.com,support@greetmate.ai,https://app.cal.com/apps,httpx,site_page,html,1,92,high,site_source|useful_mailbox|domain_mismatch|sightings_1|verified,1,verified,90,cal.com,40
cal.com,support@sylaps.com,https://app.cal.com/apps,httpx,site_page,html,1,92,high,site_source|useful_mailbox|domain_mismatch|sightings_1|verified,1,verified,90,cal.com,40
cal.com,support@tryvital.io,https://app.cal.com/apps,httpx,site_page,html,1,92,high,site_source|useful_mailbox|domain_mismatch|sightings_1|verified,1,verified,90,cal.com,40
cal.com,support@pipedream.com,https://app.cal.com/apps,httpx,site_page,html,1,92,high,site_source|useful_mailbox|domain_mismatch|sightings_1|verified,1,verified,90,cal.com,40
cal.com,support@jellyjelly.com,https://app.cal.com/apps,httpx,site_page,html,1,92,high,site_source|useful_mailbox|domain_mismatch|sightings_1|verified,1,verified,90,cal.com,40
cal.com,support@linear.app,https://app.cal.com/apps,httpx,site_page,html,1,92,high,site_source|useful_mailbox|domain_mismatch|sightings_1|verified,1,verified,90,cal.com,40
cal.com,founders@bolna.dev,https://app.cal.com/apps,httpx,site_page,html,1,92,high,site_source|useful_mailbox|domain_mismatch|sightings_1|verified,1,verified,90,cal.com,40
cal.com,founders@retellai.com,https://app.cal.com/apps,httpx,site_page,html,1,92,high,site_source|useful_mailbox|domain_mismatch|sightings_1|verified,1,verified,90,cal.com,40
cal.com,contact@monobot.ai,https://app.cal.com/apps,httpx,site_page,html,1,92,high,site_source|useful_mailbox|domain_mismatch|sightings_1|verified,1,verified,90,cal.com,40
cal.com,info@vejnoe.dk,https://app.cal.com/apps,httpx,site_page,html,1,85,high,site_source|generic_mailbox|domain_mismatch|sightings_1|verified,1,verified,90,cal.com,40
cal.com,info@fonio.ai,https://app.cal.com/apps,httpx,site_page,html,1,85,high,site_source|generic_mailbox|domain_mismatch|sightings_1|verified,1,verified,90,cal.com,40
cal.com,info@restlessmindstech.com,https://app.cal.com/apps,httpx,site_page,html,1,85,high,site_source|generic_mailbox|domain_mismatch|sightings_1|verified,1,verified,90,cal.com,40
cal.com,bob@yahoo.com,https://cal.com/docs/api-reference/v2/oauth,httpx,site_page,html,1,82,high,site_source|untyped_mailbox|domain_mismatch|sightings_1|verified,1,verified,90,cal.com,40
cal.com,valentinchmara@gmail.com,https://app.cal.com/apps,httpx,site_page,html,1,82,high,site_source|untyped_mailbox|domain_mismatch|sightings_1|verified,1,verified,90,cal.com,40
cal.com,pavlos@caretta.so,https://app.cal.com/apps,httpx,site_page,html,1,82,high,site_source|untyped_mailbox|domain_mismatch|sightings_1|verified,1,verified,90,cal.com,40
cal.com,chrispacheco430@gmail.com,https://app.cal.com/apps,httpx,site_page,html,1,82,high,site_source|untyped_mailbox|domain_mismatch|sightings_1|verified,1,verified,90,cal.com,40
cal.com,shivamkalra98@gmail.com,https://app.cal.com/apps,httpx,site_page,html,1,82,high,site_source|untyped_mailbox|domain_mismatch|sightings_1|verified,1,verified,90,cal.com,40
cal.com,suyashsrivastava5053@gmail.com,https://app.cal.com/apps,httpx,site_page,html,1,82,high,site_source|untyped_mailbox|domain_mismatch|sightings_1|verified,1,verified,90,cal.com,40
cal.com,sandra@chatbase.co,https://app.cal.com/apps,httpx,site_page,html,1,82,high,site_source|untyped_mailbox|domain_mismatch|sightings_1|verified,1,verified,90,cal.com,40
cal.com,hey@granola.so,https://app.cal.com/apps,httpx,site_page,html,1,82,high,site_source|untyped_mailbox|domain_mismatch|sightings_1|verified,1,verified,90,cal.com,40
cal.com,thach@millis.ai,https://app.cal.com/apps,httpx,site_page,html,1,82,high,site_source|untyped_mailbox|domain_mismatch|sightings_1|verified,1,verified,90,cal.com,40
cal.com,flo@lindy.ai,https://app.cal.com/apps,httpx,site_page,html,1,82,high,site_source|untyped_mailbox|domain_mismatch|sightings_1|verified,1,verified,90,cal.com,40
cal.com,alan@larksuite.com,https://app.cal.com/apps,httpx,site_page,html,1,82,high,site_source|untyped_mailbox|domain_mismatch|sightings_1|verified,1,verified,90,cal.com,40
cal.com,patrickvongoeler@gmail.com,https://app.cal.com/apps,httpx,site_page,html,1,82,high,site_source|untyped_mailbox|domain_mismatch|sightings_1|verified,1,verified,90,cal.com,40
cal.com,adhabl2002@gmail.com,https://app.cal.com/apps,httpx,site_page,html,1,82,high,site_source|untyped_mailbox|domain_mismatch|sightings_1|verified,1,verified,90,cal.com,40
cal.com,albert@synthflow.ai,https://app.cal.com/apps,httpx,site_page,html,1,82,high,site_source|untyped_mailbox|domain_mismatch|sightings_1|verified,1,verified,90,cal.com,40
cal.com,error-lite@duckduckgo.com,https://duckduckgo.com/html/?q=site%3Acal.com+%22%40cal.com%22,osint,search_snippet,snippet_regex,0,80,high,osint_source|untyped_mailbox|domain_mismatch|sightings_3|verified,3,verified,90,cal.com,40
cal.com,you@company.com,https://app.cal.com/support?_gl=1*1tq2plh*_gcl_au*OTk1OTIzMTMyLjE3NDA3NDM3ODI.*_ga*MTU5NzExNTE5My4xNzQwNzQzNzgy*_ga_RX4HHQ613S*MTc0MTc5Mjk5MC40Ni4xLjE3NDE3OTUxNjAuNjAuMC4xNzAxNzQ1ODY0,httpx,site_page,html,1,67,medium,site_source|untyped_mailbox|domain_mismatch|sightings_3|risky,3,risky,45,cal.com,40
cal.com,info@regexyl.com,https://app.cal.com/apps,httpx,site_page,html,1,62,medium,site_source|generic_mailbox|domain_mismatch|sightings_1|risky,1,risky,45,cal.com,40
